0.19999999999999984,0.19999999999999998,0.45,-8.59026955744562e-33,1.9453231865619413e-17,3.917411673499116e-33
0.19802952705952503,0.19798370319775382,0.44549606713529843,2.060317535833442e-05,1.7279702555946724e-07,-4.5246304403434533e-07
0.1960780880750298,0.1959876097672028,0.4410370594276246,4.11202783217081e-05,3.4330042575670394e-07,-1.174720047620117e-06
0.1941455060270012,0.19401153117802156,0.43662252490484055,6.153962780239127e-05,5.132188709128421e-07,-2.1403872349791688e-06
0.19223160572487952,0.19205528103435354,0.43225201678624176,8.184872756336469e-05,6.840900051594934e-07,-3.324107793845575e-06
0.19033621375920462,0.1901186749917654,0.4279250933773025,0.00010203430780370545,8.572838880070055e-07,-4.701564953199017e-06
0.18845915845591932,0.18820153067595413,0.42364131796808113,0.00012208237251424344,1.0340071550980574e-06,-6.249492313832839e-06
0.1866002698328979,0.18630366760327252,0.41940025873524683,0.0001419782522254902,1.215307860293548e-06,-7.945681479345134e-06
0.18475937955872235,0.18442490710314213,0.4152014886477149,0.0001617066617726945,1.4020809253716887e-06,-9.768987030418697e-06
0.1829363209137057,0.18256507224242358,0.41104458537586386,0.00018125176269886552,1.5950741437382147e-06,-1.1699328902024522e-05
0.18113092875314563,0.18072398775182152,0.4069291312043101,0.00020059722991321477,1.794894665439836e-06,-1.3717692206846795e-05
0.17934303947275254,0.17890147995440062,0.40285471294821734,0.00021972632221447806,2.0020158863830083e-06,-1.58061245600507e-05
0.1775724909762073,0.17709737669629783,0.3988209218730882,0.00023862195627884615,2.2167846809690235e-06,-1.794773095992264e-05
0.17581912264474997,0.17531150727971873,0.3948273536180054,0.00025726678370024996,2.4394288857789425e-06,-2.01266662741042e-05
0.1740827753087223,0.17354370239830902,0.3908736081222497,0.00027564327065686146,2.6700649690146833e-06,-2.232812538824655e-05
0.17236329122095717,0.17179379407500106,0.38695928955522074,0.00029373377976179405,2.908705807224439e-06,-2.453833107078541e-05
0.17066051403190008,0.17006161560243688,0.38308400624957517,0.00031152065363975975,3.1552684945752213e-06,-2.6744519609811602e-05
0.16897428876635223,0.1683470014860755,0.3792473706374726,0.00032898629975347895,3.4095821129546343e-06,-2.8934924279607743e-05
0.16730446180171288,0.1666497873900965,0.3754489991898085,0.0003461132759861419,3.6713953975542453e-06,-3.109875669665538e-05
0.1656508808476027,0.16496981008621425,0.3716885123583024,0.0003628843764689201,3.940384234433608e-06,-3.322618612879454e-05
0.16401339492674405,0.1633069074055214,0.36796553452028874,0.0003792827171265182,4.21615893080494e-06,-3.530831682046282e-05
0.16239185435699266,0.1616609181934789,0.36427969392604675,0.00039529182039899064,4.498271215448412e-06,-3.733716341010277e-05
0.1607861107344013,0.16003168226817138,0.36063062264849355,0.0004108956985862353,4.7862209185097e-06,-3.9305624511700854e-05
0.15919601691721297,0.15841904038194174,0.35701795653506013,0.00042607893525405295,5.079462301401127e-06,-4.1207454546378923e-05
0.15762142701069248,0.1568228341865157,0.35344133516154913,0.0004408267641348715,5.377410009328956e-06,-4.303723391375665e-05
0.1560621963526988,0.15524290620171816,0.349900401787779,0.0004551251449578336,5.679444629770313e-06,-4.479033760142025e-05
0.15451818149992924,0.1536790997878721,0.34639480331480904,0.0004689608356488172,5.984917846947504e-06,-4.646290234320549e-05
0.15298924021476046,0.15213125912196143,0.34292419024354137,0.00048232146035295494,6.293157195726551e-06,-4.805179244003606e-05
0.15147523145262853,0.15059922917761726,0.3394882166344932,0.0004951955727515577,6.603470419936051e-06,-4.9554564375788217e-05
0.1499760153498968,0.14908285570897317,0.3360865400685436,0.0005075727141711811,6.915149455719165e-06,-5.0969430362530626e-05
0.14849145321217672,0.147581985238411,0.33271882160846095,0.0005194434660160204,7.227474056072738e-06,-5.2295220966717756e-05
0.14702140750305825,0.14609646504819387,0.329384725761029,0.0005307994960952329,7.5397150940807924e-06,-5.353134697264487e-05
0.1455657418332409,0.14462614317595884,0.3260839204396003,0.0005416335984647717,7.851137570699366e-06,-5.467776065236531e-05
0.14412432095003525,0.143170868414011,0.3228160769269235,0.000551939726457361,8.161003371849827e-06,-5.5734916616202847e-05
0.1426970107272314,0.14173049031233226,0.3195808698381053,0.0005617130186359997,8.46857380600133e-06,-5.6703732428981406e-05
0.1412836781553254,0.14030485918518787,0.3163779770835903,0.0005709498174708601,8.77311197238043e-06,-5.7585549176672594e-05
0.13988419133209928,0.13889382612118079,0.3132070798320534,0.0005796476806126142,9.073884987329077e-06,-5.838209217963363e-05
0.13849841945355834,0.13749724299657587,0.3100678624731357,0.000587805384706331,9.370166120896199e-06,-5.9095432043577146e-05
0.13712623280522263,0.13611496249168614,0.3069600125799602,0.0005954229217690065,9.661236867398232e-06,-5.972794623927782e-05
0.13576750275377203,0.1347468381100825,0.3038832208713994,0.0006025014882302043,9.946388981733289e-06,-6.028228140639257e-05
0.13442210173905034,0.1333927242003674,0.3008371811740793,0.0006090434668096247,1.0224926514709852e-05,-6.0761316561581375e-05
0.13308990326642078,0.13205247598022646,0.29782159038413136,0.0006150524014834213,1.0496167858317628e-05,-6.116812738919841e-05
0.1317707818994699,0.1307259495624552,0.2948361484287183,0.0006205329658594797,1.0759447817644368e-05,-6.150595178367442e-05
0.13046461325305636,0.12941300198264039,0.2918805582273829,0.0006254909253487367,1.1014119718396673e-05,-6.17781567971286e-05
0.12917127398668582,0.1281134912281667,0.28895452565328217,0.0006299330935802625,1.1259557546345862e-05,-6.19882071345647e-05
0.12789064179820753,0.12682727626821144,0.2860577594943803,0.0006338672835607805,1.1495158114271195e-05,-6.213963531893599e-05
0.12662259541780507,0.1255542170843858,0.2831899714146926,0.0006373022541233581,1.1720343247466533e-05,-6.223601363950373e-05
0.12536701460226984,0.12429417470168867,0.28035087591567126,0.0006402476522479871,1.1934561967080949e-05,-6.228092796812409e-05
0.12412378012952385,0.12304701121943938,0.2775401902978405,0.0006427139518629759,1.2137292648740918e-05,-6.22779535159692e-05
0.1228927737933746,0.12181258984187321,0.27475763462277725,0.0006447123897528681,1.2328045139328495e-05,-6.223063258029817e-05
0.12167387839846433,0.12059077490809293,0.27200293167555273,0.0006462548992087872,1.2506362794327918e-05,-6.21424543130194e-05
0.12046697775539128,0.1193814319210934,0.2692758069277268,0.000647354042053971,1.2671824415772766e-05,-6.201683652102882e-05
0.11927195667596546,0.1181844275755942,0.26657598850100356,0.0006480229396681904,1.2824046055701436e-05,-6.185710949086214e-05
0.11808870096857194,0.11699962978444281,0.2639032071316296,0.0006482752036158791,1.2962682661936222e-05,-6.166650181163156e-05
0.11691709743360712,0.1158269077033751,0.2612571961356271,0.0006481248664573344,1.308742953424908e-05,-6.144812815288881e-05
0.11575703385896197,0.11466613175395002,0.25863769137492904,0.0006475863132895016,1.3198023568615604e-05,-6.12049789414324e-05
0.11460839901551656,0.1135171736445031,0.2560444312244817,0.0006466742145231029,1.3294244272374528e-05,-6.093991185995159e-05
0.11347108265262595,0.11237990638899426,0.2534771565403637,0.0006454034603628638,1.3375914525762051e-05,-6.065564508808896e-05
0.11234497549356892,0.11125420432365199,0.2509356106289635,0.0006437890974079927,1.3442901079256091e-05,-6.035475218981335e-05
0.11122996923093831,0.11013994312134935,0.24841953921723886,0.0006418462677419519,1.3495114781444493e-05,-6.003965854170625e-05
0.11012595652194967,0.10903699980366922,0.24592869042407292,0.0006395901508308663,1.3532510526181221e-05,-5.971263919505396e-05
0.10903283098366134,0.1079452527506478,0.24346281473273124,0.0006370359084967376,1.3555086925300657e-05,-5.937581805831292e-05
0.10795048718808054,0.10686458170820538,0.24102166496441269,0.000634198633183148,1.3562885706504488e-05,-5.9031168280089514e-05
0.10687882065715204,0.10579486779329844,0.2386049962528729,0.0006310932996797204,1.3555990847376265e-05,-5.868051371521402e-05
0.10581772785762134,0.10473599349684626,0.2362125660200945,0.0006277347204248783,1.3534527457763138e-05,-5.8325531359058494e-05
0.10476710619576357,0.10368784268450308,0.23384413395297063,0.0006241375044616813,1.3498660424217121e-05,-5.7967754629018056e-05
0.1037268540119809,0.10265030059536233,0.2314994619809554,0.0006203160200782838,1.344859283953186e-05,-5.760857738402903e-05
0.10269687057526,0.10162325383869188,0.2291783142546365,0.000616284361128238,1.3384564229194107e-05,-5.724925857145191e-05
0.1016770560775031,0.10060659038881106,0.22688045712517538,0.0006120563169876117,1.330684860933957e-05,-5.6890927396605026e-05
0.10066731162772558,0.09960019957822683,0.22460565912455885,0.0006076453460788811,1.3215752388324274e-05,-5.6534588918951695e-05
0.09966753924612848,0.09860397208915293,0.22235369094660506,0.0006030645528604483,1.3111612144478192e-05,-5.618112998021704e-05
0.09867764185805994,0.09761779994354207,0.22012432542865848,0.0005983266681599994,1.2994792304654538e-05,-5.583132538137309e-05
0.09769752328786097,0.09664157649175809,0.21791733753392206,0.0005934440327105728,1.2865682741318848e-05,-5.548584422838459e-05
0.096727088252611,0.09567519640002194,0.2157325043343578,0.0005884285837303309,1.2724696321311502e-05,-5.514525637623699e-05
0.09576624235578224,0.09471855563675921,0.21356960499410166,0.0005832918443776086,1.2572266422601297e-05,-5.4810038907840713e-05
0.09481489208081195,0.09377155145797576,0.211428420753333,0.0005780449159008521,1.240884444976797e-05,-5.44805825885926e-05
0.09387294478459773,0.09283408239178667,0.20930873491254737,0.0005726984723011762,1.223489735609709e-05,-5.415719824851776e-05
0.09294030869092995,0.09190604822221489,0.20721033281717297,0.0005672627573170956,1.205090520537634e-05,-5.384012304661209e-05
0.09201689288387349,0.09098734997237543,0.2051330018424924,0.0005617475835447208,1.1857358781056017e-05,-5.3529526580498e-05
0.09110260730109454,0.09007788988715044,0.20307653137881182,0.00055616233350497,1.165475726271681e-05,-5.3225516811107235e-05
0.09019736272716083,0.08917757141545782,0.20104071281684568,0.000550515962474282,1.1443605982349878e-05,-5.2928145773930306e-05
0.08930107078680338,0.0882862991922073,0.19902533953327217,0.0005448170028999937,1.1224414269370911e-05,-5.26374150574353e-05
0.08841364393816531,0.08740397902003108,0.1970302068764241,0.0005390735702251778,1.0997693403351788e-05,-5.2353281033111785e-05
0.08753499546603039,0.08653051785087004,0.19505511215208998,0.0005332933699599162,1.076395466874704e-05,-5.2075659823858723e-05
0.08666503947505044,0.08566582376748917,0.19309985460938844,0.000527483705838349,1.0523707530946313e-05,-5.1804432002725815e-05
0.08580369088296647,0.08480980596498817,0.19116423542669825,0.0005216514889140319,1.0277457927647338e-05,-5.153944701890198e-05
0.08495086541383878,0.08396237473236881,0.18924805769761993,0.0005158032474512284,1.0025706688231742e-05,-5.1280527347884236e-05
0.0841064795912857,0.08312344143421106,0.18735112641695129,0.0005099451374833941,9.768948073618744e-06,-5.102747236583348e-05
0.08327045073173456,0.08229291849250643,0.18547324846666136,0.0005040829539151428,9.507668444099623e-06,-5.0780061954843747e-05
0.0824426969376959,0.08147071936868999,0.18361423260185017,0.0004982221420566818,9.242345050136427e-06,-5.053805984109569e-05
0.08162313709105729,0.08065675854590747,0.1817738894366851,0.0004923678094874542,8.97344494564594e-06,-5.030121667294595e-05
0.08081169084640027,0.07985095151154761,0.1799520314303059,0.00048652473815493784,8.701424021508596e-06,-5.006927285050651e-05
0.08000827862435111,0.07905321474006699,0.17814847287268987,0.00048069739662386513,8.426726154149738e-06,-4.984196111071754e-05
0.07921282160495646,0.07826346567612837,0.17636302987047997,0.00047488995239879285,8.149782468030122e-06,-4.961900888200457e-05
0.078425241721096,0.07748162271807078,0.17459552033276649,0.0004691062842521217,7.87101070259349e-06,-4.940014041861295e-05
0.0776454616519262,0.0767076052017248,0.17284576395682566,0.00046334999449594154,7.590814683936562e-06,-4.918507872325526e-05
0.07687340481636284,0.07594133338458436,0.17111358221381612,0.000457624421144369,7.309583893382944e-06,-4.897354727274974e-05
0.07610899536659932,0.07518272843034181,0.16939879833443255,0.0004519326499193843,7.027693125029268e-06,-4.8765271556267915e-05
0.07535215818166008,0.07443171239379223,0.1677012372945221,0.0004462775260595763,6.7455022304278515e-06,-4.8559980437452166e-05
0.07460281886100106,0.07368820820610825,0.16602072580066474,0.0004406616658963482,6.463355943096258e-06,-4.83574073541112e-05
0.07386090371813936,0.07295213966048691,0.1643570922757225,0.00043508746816883065,6.181583775403442e-06,-4.81572913631049e-05
0.0731263397743338,0.07222343139816628,0.16271016684436493,0.000429557125051874,5.900499985831755e-06,-4.795937804506498e-05
0.07239905475229569,0.0715020088948087,0.16107978131857142,0.0004240726328783291,5.620403604749564e-06,-4.77634202770248e-05
0.0716789770699503,0.07078779844724689,0.15946576918311897,0.0004186358025382112,5.341578520587104e-06,-4.7569178884497586e-05
0.07096603583423111,0.07008072716058555,0.1578679655810623,0.000413248269542785,5.064293614927525e-06,-4.737642318219754e-05
0.07026016083492204,0.06938072293565478,0.15628620729920717,0.00040791150374454494,4.788802946006266e-06,-4.7184931413385195e-05
0.06956128253853622,0.06868771445680322,0.1547203327535901,0.0004026268187072332,4.515345970947561e-06,-4.699449109654889e-05
0.06886933208224089,0.06800163118002736,0.15317018197496504,0.000397395380721472,4.244147805639719e-06,-4.6804899287084084e-05
0.06818424126781852,0.06732240332142511,0.1516355965943037,0.0003922182174655816,3.975419516678723e-06,-4.6615962763670124e-05
0.06750594255567477,0.06664996184596539,0.15011641982832039,0.0003870962263120154,3.709358440536529e-06,-4.6427498145383675e-05
0.0668343690588844,0.06598423845656495,0.14861249646501914,0.0003820301822816881,3.4461485276950103e-06,-4.6239331947235794e-05
0.06616945453728151,0.06532516558346144,0.14712367284927685,0.0003770207456509727,3.1859607055926352e-06,-4.605130058105441e-05
0.06551113339158754,0.06467267637387383,0.1456497968684633,0.00037206846921677137,2.928953257193691e-06,-4.5863250306727274e-05
0.06485934065758525,0.06402670468193991,0.1441907179381035,0.0003671738052247576,2.6752722162251994e-06,-4.5675037140598145e-05
0.06421401200033094,0.06338718505892166,0.14274628698759068,0.0003623371119699679,2.425051771577854e-06,-4.5486526725743294e-05
0.06357508370840892,0.06275405274366716,0.14131635644595145,0.0003575586600779827,2.178414676076009e-06,-4.529759416992085e-05
0.06294249268822694,0.062127243653322006,0.13990078022766933,0.0003528386384732048,1.935472666967999e-06,-4.5108123853685685e-05
0.0623161764583553,0.06150669437427758,0.13849941371857172,0.00034817716004667326,1.6963268845661336e-06,-4.491800921460593e-05
0.0616960731439018,0.060892342153350015,0.13711211376178342,0.0003435742670311872,1.4610682935748937e-06,-4.4727152511664444e-05
0.06108212147093395,0.0602841248891782,0.13573873864375155,0.00033902993609427465,1.2297781035207965e-06,-4.4535464570694664e-05
0.06047426076093998,0.05968198112383394,0.13437914808034346,0.0003345440831586795,1.0025281883185703e-06,-4.4342864516622796e-05
0.05987243092532657,0.05908585003463465,0.13303320320302614,0.00033011656796186665,7.793814991870879e-07,-4.414927949554633e-05
0.05927657245996554,0.05849567142615025,0.1317007665451237,0.00032574719836337497,5.603924745706661e-07,-4.395464438540564e-05
0.058686626439775624,0.057911385722397624,0.1303817020281618,0.00032143573441124266,3.456074433771435e-07,-4.3758901501902314e-05
0.05810253451334646,0.05733293395921288,0.12907587494829748,0.000317181892177114,1.350650213124592e-07,-4.3562000301607745e-05
0.057524238897604385,0.056760257776795414,0.12778315196284107,0.00031298534737071146,-7.120350270357484e-08,-4.336389707898431e-05
0.056951682372519685,0.05619329941241735,0.12650340107686803,0.00030884573874266245,-2.7317378584529205e-07,-4.316455466548655e-05
0.05638480827585113,0.05563200169328936,0.12523649162992753,0.00030476267128604426,-4.708280622850635e-07,-4.2963942127987016e-05
0.055823560497935354,0.05507630802957758,0.12398229428284543,0.0003007357192462113,-6.641547839725856e-07,-4.27620344698092e-05
0.05526788347651379,0.05452616240756661,0.12274068100462764,0.00029676442894739706,-8.531482707644492e-07,-4.255881233436306e-05
0.054717722191602536,0.05398150938296048,0.12151152505945992,0.00029284832144502,-1.0378083708239188e-06,-4.23542617128172e-05
0.05417302216040065,0.053442294074316526,0.1202947009938134,0.0002889868950137964,-1.2181401335820696e-06,-4.214837365770505e-05
0.05363372943224054,0.05290846215660844,0.11909008462364937,0.0002851796274778237,-1.3941534914780714e-06,-4.194114399966313e-05
0.05309979058357839,0.05237995985491109,0.11789755302172804,0.000281425978392812,-1.565862955210662e-06,-4.173257307414107e-05
0.05257115271302304,0.05185673393820317,0.11671698450502338,0.0002777253910864855,-1.7332873178964643e-06,-4.152266545125997e-05
0.0520477634364076,0.05133873171328343,0.11554825862224248,0.0002740772945660365,-1.8964493724088432e-06,-4.131142967554313e-05
0.05152957088190202,0.05082590101879583,0.114391256141451,0.0002704811052988052,-2.0553756377207538e-06,-4.109887801141378e-05
0.05101652368515952,0.05031819021935857,0.11324585903780568,0.0002669362288734939,-2.2100960983675927e-06,-4.0885026198367964e-05
0.05050857098451211,0.04981554819979464,0.11211195048139333,0.0002634420615486455,-2.3606439525303926e-06,-4.066989321198321e-05
0.05000566241619797,0.049317924359458726,0.11098941482517957,0.00025999799169441163,-2.5070553734836066e-06,-4.04535010352477e-05
0.04950774810963254,0.048825268606657285,0.1098781375930626,0.0002566034011337531,-2.6493692790497255e-06,-4.0235874436960236e-05
0.049014778682719196,0.04833753135315916,0.1087780054680362,0.0002532576663883726,-2.787627112098282e-06,-4.0017040758361414e-05
0.048526705237198264,0.04785466350879236,0.10768890628046099,0.00024996015983591596,-2.9218726324264296e-06,-3.979702970918251e-05
0.04804347935403441,0.04737661647612457,0.10661072899644465,0.00024671025078265563,-3.0521517176581e-06,-3.957587317137621e-05
0.04756505308884684,0.04690334214522493,0.10554336370632841,0.00024350730645666743,-3.1785121723386284e-06,-3.935360501021365e-05
0.04709137896737414,0.04643479288850352,0.10448670161328129,0.00024035069292669846,-3.3010035485336778e-06,-3.913026089597318e-05
0.09999999999999998,0.1,0.45000000000000007,3.5842178926743264e-20,-5.2368281637556185e-18,-1.410042008608464e-20
0.09902434063293064,0.0990066270960798,0.44548771676212806,-7.930342322478956e-06,-1.5937507458772202e-06,-4.453161534764496e-06
0.09805817951821272,0.09802316724354057,0.441020855003365,-1.5739042643217248e-05,-3.186608241306528e-06,-8.77927106197648e-06
0.09710143311779729,0.09704951029215131,0.43659896403756576,-2.3407901457562972e-05,-4.773288926251227e-06,-1.2976871331314662e-05
0.09615401830040482,0.09608554893635352,0.43222159702550966,-3.092107720781154e-05,-6.348919958016937e-06,-1.704463696773809e-05
0.09521585236775443,0.09513117854432857,0.4278883109970754,-3.826492475726006e-05,-7.909032461928062e-06,-2.0981395165115028e-05
0.09428685308100726,0.09418629699419359,0.4235986668701792,-4.5427835365817384e-05,-9.44955174982184e-06,-2.4786141487061694e-05
0.09336693868721091,0.09325080451814738,0.4193522294665079,-5.240007981133202e-05,-1.096678502877465e-05,-2.8458051262158426e-05
0.09245602794554741,0.09232460355513114,0.41514856752410045,-5.917365597769621e-05,-1.2457407089211315e-05,-3.199648705825877e-05
0.09155404015324631,0.09140759861235509,0.41098725370689887,-6.574214194610527e-05,-1.3918444411478142e-05,-3.5401002700859924e-05
0.09066089517104825,0.09049969613585784,0.40686786461139657,-7.210055537168435e-05,-1.534725808602095e-05,-3.8671344281872924e-05
0.08977651344814619,0.0896008043901152,0.4027899807705574,-7.824521970748613e-05,-1.6741525907074143e-05,-4.180744857623085e-05
0.08890081604655875,0.08871083334659566,0.39875318665517545,-8.417363765047316e-05,-1.8099223941928363e-05,-4.480943925324233e-05
0.08803372466492887,0.08782969458106235,0.394757070672874,-8.988437202269865e-05,-1.941860784700434e-05,-4.767762124058856e-05
0.0871751616617672,0.08695730117934758,0.39080122516494387,-9.537693416709809e-05,-2.0698194157363466e-05,-5.041247356256979e-05
0.08632505007818436,0.08609356765127235,0.386885246401226,-0.0001006516798257727,-2.1936741744912858e-05,-5.301464094452149e-05
0.08548331366018636,0.08523840985234635,0.38300873457324836,-0.0001057097123799385,-2.3133233600608004e-05,-5.548492444252442e-05
0.0846498768806282,0.08439174491285992,0.37917129378582526,-0.00011055279325883908,-2.428685906865709e-05,-5.782427132643796e-05
0.08382466496095109,0.08355349117396862,0.3753725320473374,-0.00011518325926768895,-2.5396996639514886e-05,-6.003376441785887e-05
0.08300760389283757,0.08272356813037049,0.3716120612588948,-0.0001196039465466841,-2.646319736968215e-05,-6.211461105327221e-05
0.08219862045996085,0.08190189637918024,0.36788949720260467,-0.0001238181208364579,-2.7485168995606045e-05,-6.406813182056448e-05
0.0813976422600049,0.08108839757462333,0.3642044595291529,-0.00012782941371273875,-2.8462760770069537e-05,-6.58957491970173e-05
0.08060459772717743,0.08028299438818773,0.3605565717449155,-0.00013164176443381738,-2.9395949045890305e-05,-6.759897618499113e-05
0.07981941615545207,0.0794856104738979,0.35694546119882575,-0.00013525936704182175,-3.0284823617940687e-05,-6.917940503516244e-05
0.07904202772280233,0.0786961704384013,0.35337075906921517,-0.00013868662235897605,-3.1129574812898715e-05,-7.063869612212325e-05
0.07827236351672573,0.0779145998155909,0.3498321003508723,-0.0001419280945206585,-3.193048132118286e-05,-7.197856702187506e-05
0.07751035556140262,0.07714082504552028,0.3463291238425632,-0.00014498847169713507,-3.268789874055378e-05,-7.32007818301601e-05
0.07675593684684767,0.07637477345740176,0.34286147213527324,-0.0001478725306618939,-3.340224881241111e-05,-7.430714074343902e-05
0.07600904136049291,0.07561637325652384,0.33942879160145845,-0.000150585104879183,-3.407400930183264e-05,-7.529946991823455e-05
0.07526960412167827,0.07486555351495627,0.3360307323856073,-0.00015313105578838106,-3.470370449621071e-05,-7.617961160671343e-05
0.07453756121959498,0.07412224416596744,0.3326669483964571,-0.00015551524698170495,-3.529189626467576e-05,-7.694941456838811e-05
0.073812849855315,0.07338637600211753,0.32933709730123856,-0.00015774252097585878,-3.5839175639854766e-05,-7.76107247353913e-05
0.07309540838863327,0.07265788067705234,0.32604084052237503,-0.00015981767829468632,-3.6346154862146545e-05,-7.816537611288616e-05
0.07238517639055886,0.07193669071107503,0.32277784323711844,-0.00016174545858547448,-3.681345983144492e-05,-7.861518188157475e-05
0.07168209470244002,0.07122273950064645,0.31954777438067894,-0.00016353052349756133,-3.7241722911199426e-05,-7.89619256660373e-05
0.07098610550287954,0.07051596133203314,0.3163503066534947,-0.00016517744106178193,-3.763157601160424e-05,-7.920735292136671e-05
0.07029715238378886,0.06981629139941448,0.31318511653338565,-0.00016669067130545842,-3.7983643887005514e-05,-7.935316238757864e-05
0.0696151804372066,0.0691236658278575,0.310051884293493,-0.00016807455283870788,-3.829853757096398e-05,-7.940099755340582e-05
0.06894013635479501,0.06843802170169228,0.30695029402704377,-0.0001693332901408622,-3.857684786222017e-05,-7.935243805712148e-05
0.06827196854233253,0.06775929709895778,0.303880033680206,-0.00017047094126332917,-3.881913876866297e-05,-7.920899095335715e-05
0.0676106272519914,0.06708743113276941,0.3008407950945487,-0.00017149140564595773,-3.902594079971967e-05,-7.897208175684048e-05
0.06695606473578164,0.06642236400066273,0.29783227406094087,-0.00017239841171396016,-3.919774399207107e-05,-7.864304516834569e-05
0.06630823542430764,0.06576403704323741,0.29485417038712886,-0.00017319550388623703,-3.933499051300682e-05,-7.822311537385985e-05
0.06566709613592758,0.0651123928137479,0.2919061879817437,-0.00017388602856552093,-3.943806668510202e-05,-7.771341579646966e-05
0.0650326063226031,0.06446737516069814,0.28898803495813974,-0.00017447311861114553,-3.950729422022295e-05,-7.711494816341018e-05
0.06440472836031286,0.06382892932602335,0.286099423762304,-0.0001749596756922211,-3.954292041812223e-05,-7.642858073611619e-05
0.06378342789386948,0.06319700206210824,0.28324007133016027,-0.00017534834978489265,-3.954510702655136e-05,-7.565503553400516e-05
0.0631686742486206,0.0625715417717588,0.28040969928099346,-0.0001756415148977209,-3.9513917376975036e-05,-7.479487435807894e-05
0.06256044092495094,0.061952498676377615,0.277608034155596,-0.00017584123986072884,-3.944930132218776e-05,-7.38484834119012e-05
0.06195870619604804,0.06133982501908533,0.27483480771018376,-0.00017594925268762774,-3.935107734914759e-05,-7.281605629011939e-05
0.06136345383553621,0.06073347531152262,0.2720897572804576,-0.00017596689655563152,-3.9218911084245174e-05,-7.169757510623419e-05
0.0607746740098718,0.06013340663575312,0.2693726262346649,-0.00017589507482794033,-3.905228912831015e-05,-7.049278952926571e-05
0.06019236438177822,0.05953957901634996,0.2666831645406971,-0.00017573418164943294,-3.8850486851664e-05,-6.920119353333815e-05
0.05961653148683754,0.05895195588280966,0.2640211294808205,-0.0001754840134070599,-3.8612528267604386e-05,-6.782199975056686e-05
0.05904719246766388,0.05837050464952978,0.2613862865597548,-0.00017514365454117988,-3.833713545331612e-05,-6.635411148324108e-05
0.058484377282013056,0.05779519745066328,0.25877841066912405,-0.00017471132857723273,-3.8022663992587444e-05,-6.479609277027728e-05
0.05792813154767951,0.057226012081735056,0.2561972875965451,-0.0001741842013542965,-3.7667019495043916e-05,-6.3146137511518e-05
0.057378520255893295,0.0566629332213377,0.2536427160050354,-0.00017355811753836913,-3.726754811423739e-05,-6.140203978226978e-05
0.056835632689157145,0.05610595403837243,0.25111451006506025,-0.0001728272424096638,-3.682089075093863e-05,-5.95611694990329e-05
0.0562995890406367,0.055555078339614566,0.24861250300920612,-0.00017198356652233952,-3.632278557725933e-05,-5.7620461329002635e-05
0.05577054948790028,0.05501032348982071,0.24613655201860932,-0.0001710162074676066,-3.5767795458841156e-05,-5.557643160727194e-05
0.05524872689094795,0.05447172446162413,0.24368654507744994,-0.00016991040388560387,-3.5148923620723926e-05,-5.342525100495681e-05
0.05473440498712123,0.05393933958056371,0.24126241081472832,-0.00016864602929216984,-3.445705840738532e-05,-5.116292575468795e-05
0.054227965182977456,0.05341325888934434,0.23886413302194462,-0.00016719533185392428,-3.368014840445303e-05,-4.878569026325218e-05
0.05372992727968906,0.05289361669927284,0.23649177275579497,-0.0001655193782201048,-3.2801936355753445e-05,-4.629081774449068e-05
0.05324101374832857,0.05238061110779191,0.23414550327231587,-0.00016356222860359533,-3.179993959925667e-05,-4.367828146937154e-05
0.0527622558515729,0.051874535668036625,0.23182566778287586,-0.00016124092234120433,-3.064207610058547e-05,-4.095422090146181e-05
0.052295178789541596,0.051375833508041674,0.22953288034949967,-0.00015842720730046506,-2.9280699516530825e-05,-3.813846179040232e-05
0.051842147812649064,0.05088519596730817,0.22726821474028658,-0.00015491162529502996,-2.764127798782202e-05,-3.52818591485294e-05
0.05140707559492397,0.05040375780985609,0.22503359089858488,-0.00015032575118703343,-2.5598841862234558e-05,-3.250998797871697e-05
0.050997052192684245,0.04993352820440383,0.22283266660747797,-0.0001439503347355457,-2.2922534407208168e-05,-3.014812130031994e-05
0.05062680187877566,0.04947849897622028,0.22067327872478934,-0.0001341442310520332,-1.9119786195935286e-05,-2.9153321984496943e-05
0.050334613650672266,0.049048226738182765,0.21857617973187304,-0.0001160564675813786,-1.2857726847398525e-05,-3.314605119937301e-05
0.05027627655456013,0.048674739381300125,0.2166265940268468,-6.544449311568815e-05,1.6729428464029587e-06,-6.579058451248543e-05
0.018623380633165265,0.03979653914399334,0.25161850952611264,0.01293615597957672,-0.0440542389931086,-0.000546760062626663
0.018718512119472508,0.039500940726136496,0.24918550976810996,0.012813151705175467,-0.04360923435577507,-0.0005133288132678335
0.01895351207594409,0.03927763488371258,0.24686118043040406,0.0126888602388143,-0.0431661071285354,-0.0004473017425001562
0.020120578743582307,0.03962156664178118,0.2451154631869822,0.012479409717858119,-0.04272190086582936,-2.072587957870129e-05
0.02115290508627854,0.03947122968799993,0.2432765858452151,0.012524430971503804,-0.04225400675761345,-0.0001980622676183356
0.02298404246555341,0.04027009766542014,0.24199255112552118,0.012219709374645369,-0.04182725726254309,0.0005520996175576831
0.023269647863838894,0.04000438152629082,0.23978674865348878,0.0121387761240312,-0.041396879538961484,0.0005263249798022403
0.02027137733990525,0.03844886916900053,0.24488945612777396,0.014719970345665039,-0.04826138840302606,-0.0002215005505304123
0.020406122872138832,0.03818725705919737,0.24255528083306893,0.01457897674676945,-0.04777465011831858,-0.00018582254960647297
0.02082356182034706,0.03806207393715849,0.2404192402313214,0.014433300402126687,-0.04729003915535847,-8.834756091453625e-05
0.03440096350588806,0.05119252957898243,0.24707196808832038,0.009705843641573342,-0.04776748856017749,0.012272648487376194
0.0342180661642042,0.050710853740464995,0.24459546894764903,0.009616630886115045,-0.04728799093777461,0.012155748814728496
0.034037307485064505,0.05023444747836883,0.24214588480104746,0.00952840514811079,-0.04681324363362468,0.012040024834853752
0.03385932642663492,0.049763443859258544,0.2397233079488223,0.009441204543145235,-0.046343184532567416,0.011925474997623581
0.03368496939894183,0.04929803577295169,0.23732796064033376,0.009355083925781164,-0.04587774690110684,0.011812099040362543
0.033515401624696683,0.04883850708565443,0.23496026310684373,0.009270124193388643,-0.045416856574684646,0.011699897743110414
0.0333523028160142,0.048385286928385784,0.23262095329397736,0.00918644894345819,-0.044960426950547736,0.011588871850150412
0.03319823637545449,0.04793905109214566,0.2303113131125494,0.009104256601681565,-0.044508349389550485,0.011479018573635993
0.03305741335140544,0.04750092915990253,0.22803363729021964,0.009023888693820167,-0.04406047296238234,0.011370320634856
0.03293748351783987,0.04707298195553336,0.22579233419859973,0.008945995350013456,-0.04361655575967649,0.01126270934868238
0.032854561786610725,0.04665950957922596,0.22359701967588164,0.008872020925308442,-0.043176123539615065,0.011155917793177927
0.03285200466564275,0.04627175220251015,0.22147409014862318,0.008806140950061301,-0.042737914253598276,0.011048683882035221
0.033122414893113516,0.04595600824799756,0.21954198765070293,0.008769453530416268,-0.0422959098930165,0.010930369604417747
-0.05615579446676544,0.020539988854726854,0.3063448879326626,0.04287337810295237,-0.15664421399342887,0.009105787368065447
-0.0550640385016965,0.020486272571513003,0.3033892190135441,0.04245582654029751,-0.15507330398520144,0.009081130389328914
-0.05398386539146405,0.020433258118759845,0.3004665638311163,0.04204282429077827,-0.15351801724065792,0.009055865032362177
-0.052910953792305704,0.020382307176617653,0.2975793118710561,0.04163448496074675,-0.15197814221108727,0.009030264232001808
-0.051837553911771916,0.020335927136260645,0.2947321145641457,0.041231045055968085,-0.15045342610152984,0.00900484373147418
-0.05074709338651373,0.020299613161444546,0.29193543536940597,0.04083302514402807,-0.1489435155525764,0.00898081043495112
-0.04959234107120658,0.020289479439790564,0.2892199197465925,0.040441753683538,-0.14744774986958464,0.008962146346654192
-0.0481240079620161,0.020395317161886445,0.28674925287139114,0.040061184866837775,-0.14596413874179248,0.008976700779329792
-0.9417409821540998,0.17861791802091667,-0.522440177768452,2.2419888585479733,0.1067854798261489,-2.591171065929713
-0.9434980062100142,0.16905378027703316,-0.48846147543683704,2.2042345866558612,0.1035043819650607,-2.5833525409432907
-0.9444943587777455,0.15808263773815764,-0.4547222265274238,2.167159357551892,0.09969674150242064,-2.5749985896472096
-0.9446621095700337,0.1458896432622306,-0.421304812686179,2.1307302568479134,0.09546105549476859,-2.5661905439084807
-0.9439514556465783,0.1326356216172328,-0.3882810573726178,2.0949218046029308,0.09087718314217315,-2.556992816958976
-0.9423274472897506,0.11846314078464057,-0.3557141747396647,2.0597141541923887,0.0860108626096163,-2.5474576204383728
-0.9397675350782076,0.10350065931542535,-0.32366010365783854,2.0250917742982995,0.0809169217334273,-2.537628220478029
-0.9362596823614215,0.08786539012914373,-0.29216844432054034,1.9910424708462007,0.07564160291682819,-2.527541218113947
-0.9318008721959965,0.07166529517372369,-0.2612831344975629,1.9575566515060323,0.07022427563058822,-2.5172281669219143
-0.9263958932887435,0.05500048445913065,-0.23104295359624885,1.924626765441583,0.06469871817804773,-2.5067167332944043
-0.9200563262139957,0.03796420327677068,-0.2014819122463657,1.8922468711107003,0.05909409177331477,-2.4960315365652828
-0.9127996757863416,0.02064353317256705,-0.17262956576141725,1.860412298602155,0.0534356917603929,-2.4851947621353982
-0.9046486121693532,0.0031198937059192383,-0.14451127725908677,1.8291193824420728,0.04774553539236469,-2.4742266118257956
-0.8956302947564301,-0.014530593929323557,-0.11714844790548487,1.7983652474145777,0.04204282839394455,-2.4631456363883313
-0.8857757607918184,-0.03223683812795147,-0.09055872614465796,1.7681476346272342,0.03634434069814906,-2.4519689820346438
-0.8751193662311212,-0.04993257202620388,-0.0647562039385482,1.738464758411547,0.030664713479224955,-2.44071257386515
-0.8636982702141299,-0.06755619041912407,-0.03975160537802708,1.7093151870829129,0.02501671374281021,-2.4293912528243706
-0.8515519572373521,-0.08505061254738774,-0.015552471152376623,1.6806977423645573,0.0194114485247794,-2.418018878392568
-0.8387217930086955,-0.10236315940890546,0.007836658964531257,1.6526114135923327,0.013858547690578678,-2.4066084060650597
-0.8252506112769988,-0.11944543758915445,0.030414064401385277,1.6250552837912244,0.00836632207909522,-2.3951719463826584
-0.8111823298189388,-0.13625322407587992,0.05218066231697577,1.598028465440839,0.002941902068299387,-2.3837208105988084
-0.7965615943521712,-0.15274634836570483,0.07313982631578869,1.5715300442907596,-0.002408639605848014,-2.372265546823447
-0.7814334495107518,-0.16888856954781256,0.09329720563534982,1.545559029993898,-0.007680177882534309,-2.3608159695481277
-0.7658430362284414,-0.18464744708036265,0.112660545317145,1.5201143126308123,-0.012868436074121756,-2.349381184746299
-0.7498353149730121,-0.19999420474279486,0.13123950801955753,1.4951946244252277,-0.017969895577474502,-2.337969612197251
-0.7334548142940264,-0.21490358781312657,0.1490454982156712,1.47079850611942,-0.022981713352307597,-2.3265890062596664
-0.7167454041133374,-0.22935371392919515,0.16609148955554856,1.4469242776015736,-0.027901646226171,-2.315246475990802
-0.699750093120989,-0.24332591838092363,0.18239185617274506,1.4235700124664774,-0.032727981315115895,-2.303948505248256
-0.6825108495537798,-0.2568045947733413,0.19796220868706615,1.4007335162540957,-0.037459472019512066,-2.2927009732071486
-0.6650684445404544,-0.26977703211775983,0.21281923560681676,1.3784123081539927,-0.04209527917923201,-2.2815091755647203
-0.647462317104266,-0.2822332494674158,0.2269805507695687,1.3566036059922935,-0.0466349170618218,-2.270377846578044
-0.6297304598264553,-0.29416582922697737,0.2404645473854343,1.335304314335598,-0.05107820391948156,-2.259311181982232
-0.611909324097033,-0.30556975024313054,0.2532902591646921,1.3145110155561517,-0.05542521689207004,-2.2483128627610287
-0.5940337438148361,-0.3164422217345994,0.2654772289255923,1.2942199637068803,-0.05967625105906952,-2.2373860796850873
-0.5761368763487131,-0.3267825190514886,0.2770453849908179,1.2744270810555438,-0.06383178245757029,-2.226533558492235
-0.5582501595365725,-0.3365918221715869,0.2880149255946307,1.2551279571255838,-0.06789243488916834,-2.2157575855560885
-0.5404032834788676,-0.3458730577500431,0.2984062114388763,1.236317850088408,-0.07185895033881574,-2.2050600338721758
-0.5226241758773755,-0.3546307454425316,0.30823966645626044,1.217991690348565,-0.07573216282523634,-2.194442389182451
-0.5049389996779254,-0.36287084912387824,0.3175356867646827,1.2001440861602197,-0.07951297549715527,-2.183905776058054
-0.48737216179581727,-0.37060063352667827,0.32631455772778906,1.182769331110869,-0.08320234078355293,-2.1734509837649627
-0.4699463317336675,-0.37782852672967415,0.3345963789748617,1.1658614133066447,-0.08680124340043324,-2.163078491746567
-0.45268246894182307,-0.38456398883522336,0.3424009971780729,1.1494140260930217,-0.09031068601185897,-2.1527884945700073
-0.4355998578197612,-0.39081738709012337,0.3497479463371477,1.133420580145316,-0.0937316773397656,-2.1425809261984523
-0.418716149311521,-0.3965998776252365,0.35665639528066856,1.1178742167650713,-0.09706522251559888,-2.132455483468461
-0.40204740810772743,-0.40192329391727655,0.3631451020594225,1.1027678222212596,-0.10031231546730218,-2.122411648669456
-0.3856081645297899,-0.40680004201105924,0.3692323748801626,1.0880940429790569,-0.10347393313762197,-2.1124487111405386
-0.36941147023712007,-0.4112430024825497,0.37493603920754437,1.0738453016637675,-0.1065510313340601,-2.102565787817844
-0.3534689569645697,-0.41526543907207836,0.38027341064742226,1.0600138136130899,-0.10954454201693939,-2.092761842683011
-0.3377908975637339,-0.4188809138729385,0.38526127321568576,1.0465916038772956,-0.1124553718397819,-2.0830357050797175
-0.3223862686874094,-0.4221032089229013,0.3899158625928669,1.0335705245338525,-0.11528440176531417,-2.073386086880449
-0.3071268668982237,-0.42494222892471617,0.3943049546976704,1.0207460029101392,-0.11814475584098064,-2.0637884751603117
-0.2919595311194395,-0.4274028348520538,0.3984583707037953,1.0080271399642386,-0.12108873969833045,-2.0542310727813713
-0.2768944531545668,-0.429489946044321,0.4023793556776376,0.9954155916219777,-0.12411685488808824,-2.044713007976199
-0.2619415763575288,-0.43120897605877057,0.40607119315055795,0.9829128209947383,-0.12722932930942618,-2.0352333304135573
-0.24711057968936306,-0.4325658083405337,0.409537198758572,0.9705201039673007,-0.1304261246946404,-2.025791027513811
-0.23241086312250497,-0.4335667719024812,0.41278071471683286,0.9582385345284609,-0.13370694444663908,-2.0163850400928136
-0.2178515343681185,-0.4342186170695883,0.4158051050521685,0.946069029926689,-0.13707124179559743,-2.0070142773430932
-0.2034413968995032,-0.4345284913402873,0.4186137515220443,0.934012335724825,-0.14051822824107932,-1.9976776311635787
-0.18918893924236074,-0.4345039154151005,0.4212100501531447,0.9220690308198379,-0.14404688224610745,-1.9883739898514408
-0.1751023255005939,-0.43415275944062715,0.42359740833730364,0.9102395324860043,-0.14765595815007598,-1.9791022511719223
-0.1611893870843365,-0.4334832195147294,0.4257792424268365,0.8985241014924049,-0.15134399526806366,-1.9698613348241991
-0.1474576156050133,-0.4325037944965042,0.42775897577544897,0.8869228473384437,-0.1551093271449707,-1.9606501943233625
-0.13391415690039032,-0.43122326316229165,0.4295400371748359,0.8754357336440944,-0.1589500909340298,-1.951467828320521
-0.1205658061508158,-0.4296506617466055,0.43112585964087063,0.86406258372481,-0.16286423687055387,-1.9423132913847336
-0.10741900404610438,-0.42779526190436723,0.43251987950690995,0.8528030863744712,-0.1668495378133318,-1.9331857042720215
-0.09447983396082743,-0.4256665491282262,0.43372553578524187,0.841656801873417,-0.1709035988278345,-1.924084263708013
-0.08175402009411858,-0.4232742016520131,0.43474626976104197,0.8306231682324804,-0.17502386678732954,-1.915008251711843
-0.06924692652851422,-0.4206280698684428,0.43558552478642687,0.8197015076780991,-0.1792076399701414,-1.905957044489763
-0.056963557160795486,-0.41773815628610744,0.43624674624525916,0.8088910333779319,-0.18345207763358842,-1.8969301209274287
-0.04490855645638303,-0.41461459604749107,0.43673338166228315,0.7981908564010791,-0.18775420954759167,-1.8879270707101041
-0.03308621097747677,-0.41126763802623845,0.4370488809329389,0.787599992901919,-0.19211094547353627,-1.8789476020999347
-0.021500451633965467,-0.40770762651816483,0.43719669665281047,0.7771173715118064,-0.19651908457669912,-1.869991549399053
-0.010154856605106788,-0.40394498353655706,0.43718028452809676,0.7667418409184151,-0.20097532476333904,-1.8610588801265298
0.0009473451208183437,-0.39999019171812356,0.43700310385075136,0.7564721776083841,-0.20547627193645707,-1.852149701936077
0.011803269642226277,-0.39585377784156606,0.4366686180240027,0.7463070937451376,-0.21001844916713766,-1.843264269299921
0.022410373528939598,-0.39154629695616283,0.43618029512582956,0.7362452451503273,-0.21459830578133943,-1.8344029899823762
0.03276644874943618,-0.3870783171129917,0.43554160849963985,0.7262852393543077,-0.21921222636492257,-1.8255664313243647
0.042869617193763726,-0.38246040468651943,0.43475603736284546,0.7164256436783895,-0.2238565396925803,-1.8167553263574112
0.052718324844419684,-0.37770311026927555,0.43382706742527,0.70666499330936,-0.22852752758913666,-1.8079705797625065
0.062311335646243554,-0.372816955117263,0.43275819151035266,0.6970017993249125,-0.23322143373434154,-1.7992132736856392
0.07164772512464529,-0.3678124181186736,0.43155291017292075,0.6874345566271969,-0.2379344724248043,-1.7904846734177875
0.08072687379930699,-0.3626999232534618,0.4302147323079008,0.6779617517406901,-0.2426628373090121,-1.7817862329426755
0.08954846043778383,-0.3574898275063999,0.4287471757447311,0.6685818704300143,-0.24740271011343898,-1.7731196003506893
0.09811245519024281,-0.35219240919154127,0.4271537678224385,0.6592934050931766,-0.2521502693795187,-1.7644866231119964
0.1064191126428515,-0.3468178566415417,0.4254380459403381,0.6500948618859937,-0.25690169923267947,-1.7558893531961408
0.11446896482312557,-0.34137625721121423,0.4236035580791575,0.6409847675341825,-0.2616531982056848,-1.747330052019204
0.12226281418584731,-0.33587758654103095,0.421653863287042,0.6319616757907462,-0.26640098813911994,-1.7388111951930911
0.12980172660302672,-0.33033169802317885,0.41959253212444436,0.6230241734978693,-0.27114132318199774,-1.7303354770446207
0.1370870243758191,-0.3247483124103246,0.41742314706128153,0.6141708862145309,-0.2758704989150186,-1.7219058148649582
0.14412027928041565,-0.31913700750551505,0.41514930281905105,0.6054004833734642,-0.2805848616180381,-1.7135253528425667
0.15090330565372306,-0.3135072078707873,0.4127746066498052,0.5967116829339316,-0.285280817701639,-1.7051974656253719
0.1574381535182597,-0.30786817449215825,0.41030267854303576,0.5881032554999952,-0.2899548433204005,-1.6969257614503221
0.16372710173919683,-0.30222899433982675,0.40773715135062616,0.579574027877585,-0.29460349418241205,-1.6887140847710906
0.16977265119997248,-0.2965985697647441,0.40508167081913876,0.5711228860476503,-0.29922341556578314,-1.6805665183074627
0.17557751797655613,-0.2909856076762986,0.40233989551780497,0.5627487775369935,-0.3038113525483295,-1.6724873844331207
0.18114462648433868,-0.28539860845078535,0.399515496649738,0.5544507131730579,-0.30836416045122284,-1.6644812458122598
0.186477102565968,-0.27984585452666755,0.39661215773308756,0.5462277682138509,-0.3128788154912038,-1.6565529051899404
0.19157826648337173,-0.274335398650437,0.39363357413816175,0.5380790828493963,-0.3173524256289871,-1.6487074042365357
0.1964516257728792,-0.2688750517461689,0.3905834524659311,0.5300038620764883,-0.3217822415937183,-1.6409500213432684
0.2011008679189953,-0.2634723703926406,0.3874655097528825,0.5220013749540593,-0.3261656680549036,-1.6332862682639468
0.20552985280008498,-0.2581346439041203,0.3842834724868833,0.5140709532520992,-0.33050027490412714,-1.6257218854978261
0.20974260485826574,-0.2528688810245248,0.38104107541861504,0.5062119895126973,-0.3347838085992829,-1.6182628363103349
0.213743304946265,-0.24768179625953507,0.37774206015321954,0.49842393454732103,-0.33901420351404277,-1.610915299292458
0.2175362818060604,-0.24257979588719591,0.37439017350714393,0.49070629439985347,-0.34318959322511366,-1.6036856593661484
0.22112600313790212,-0.2375689637043727,0.370989165615748,0.4830586268100035,-0.34730832165965014,-1.5965804971524307
0.22451706622388684,-0.23265504658385894,0.3675427877781045,0.4754805372164683,-0.3513689540152954,-1.5896065766311356
0.22771418807767782,-0.22784343993460004,0.3640547900265947,0.4679716743434575,-0.355370287355961,-1.582770831036527
0.23072219510122266,-0.22313917317508092,0.3605289184103618,0.4605317254178431,-0.3593113607779586,-1.576080346951652
0.23354601224035335,-0.21854689534688698,0.35696891198353026,0.45316041106714217,-0.3631914650338387,-1.5695423465859946
0.2361906516438176,-0.2140708610114097,0.3533784994912329,0.44585747995064046,-0.3670101514955744,-1.5631641682459234
0.23866120084443146,-0.20971491658702168,0.349761395749035,0.43862270317718915,-0.37076724033499925,-1.556953245035316
0.2409628104963084,-0.20548248729631619,0.34612129771422045,0.431455868563436,-0.37446282779796625,-1.5509170818543336
0.24310068171827,-0.20137656490261668,0.3424618802506542,0.4243567747854398,-0.37809729244997015,-1.545063230797195
0.24508005311007772,-0.19739969642136257,0.33878679159254915,0.41732522547475825,-0.3816713002752172,-1.5393992650844597
0.24690618752463872,-0.1935539739947601,0.33509964851639956,0.41036102330718444,-0.38518580851865514,-1.5339327517010968
0.248584358695293,-0.18984102611666925,0.33140403123459883,0.4034639641283759,-0.38864206817147456,-1.5286712229477304
0.250119837832151,-0.18626201038889162,0.3277034780287738,0.3966338311557528,-0.3920416250151709,-1.5236221471480496
0.2515178803146707,-0.18281760797942803,0.3240014796456122,0.38987038929036566,-0.39538631915743805,-1.5187928987894714
0.25278371261870836,-0.17950801993786908,0.3203014734828263,0.3831733795660553,-0.398678283014846,-1.514190728405775
0.2539225196246632,-0.17633296550284183,0.3166068375978436,0.37654251375639197,-0.4019199377221775,-1.5098227325384865
0.25493943245862594,-0.17329168251150423,0.3129208845767239,0.3699774691527115,-0.4051139879761672,-1.5056958241373446
0.25583951702031527,-0.17038292999186289,0.3092468553055415,0.3634778835193541,-0.40826341535163607,-1.501816703778185
0.2566277633498332,-0.16760499298559106,0.3055879126909539,0.3570433502251324,-0.4113714701601169,-1.4981918320882397
0.25730907597979846,-0.16495568961275264,0.30194713538073337,0.35067341354335796,-0.4144416619542624,-1.494827403773433
0.2578882654103216,-0.16243238035111746,0.29832751153852105,0.344367564106628,-0.4174777488148594,-1.4917293236392597
0.258370040831774,-0.1600319794624842,0.2947319327298675,0.33812523449719506,-0.42048372559033304,-1.4889031849859655
0.25875900420476783,-0.15775096845756054,0.2911631879785351,0.33194579494925675,-0.4234638112902995,-1.4863542507400034
0.25905964578875373,-0.15558541145043403,0.28762395805299834,0.3258285491359817,-0.42642243586430595,-1.4840874376573443
0.25927634119076604,-0.15353097221454526,0.2841168100429004,0.3197727300115764,-0.4293642266235383,-1.4821073039007193
0.2594133499849354,-0.15158293271520729,0.28064419228385473,0.31377749567715396,-0.43229399458640844,-1.4804180402530456
0.25947481593221766,-0.1497362128599639,0.27720842968632026,0.3078419252385067,-0.43521672104804937,-1.4790234651842127
0.25946476880926417,-0.14798539117813947,0.273811719520298,0.30196501462395936,-0.43813754468854665,-1.4779270239393283
0.25938712783638174,-0.1463247261153277,0.2704561277022812,0.29614567233106653,-0.441061749545115,-1.4771317917648676
0.2592457066779015,-0.14474817760758324,0.26714358562426876,0.2903827150717975,-0.4439947541795512,-1.4766404813365135
0.2590442199748691,-0.14324942858387146,0.26387588755680036,0.2846748632866892,-0.4469421023745231,-1.476455454400375
0.25878629136041537,-0.14182190603368322,0.2606546886489506,0.2790207364989633,-0.4499094556912191,-1.4765787375893638
0.25847546290316936,-0.14045880126931204,0.25748150353819543,0.27341884847943737,-0.45290258821742296,-1.4770120423302617
0.2581152059240795,-0.13915308900840234,0.25435770557213133,0.26786760219186667,-0.4559273838303706,-1.4777567887158507
0.2577089331374769,-0.1378975449011975,0.2512845266323771,0.2623652844858122,-0.45898983629398615,-1.4788141331815952
0.25726001207846405,-0.13668476112725714,0.24826305753872213,0.25691006049983467,-0.4620960525069439,-1.4801849997987504
0.25677177979600585,-0.1355071596869576,0.24529424899887242,0.25149996773149225,-0.4652522592180857,-1.4818701149761888
0.25624755881472544,-0.13435700301218484,0.24237891305605797,0.24613290972183022,-0.46846481353106767,-1.483870045352135
0.2556906743986353,-0.13322640151645937,0.2395177249733632,0.24080664929047244,-0.47174021753283063,-1.4861852386546106
0.25510447318722773,-0.13210731769511136,0.2367112254799263,0.23551880124260294,-0.4750851374030841,-1.4888160673156705
0.25449234331911363,-0.13099156636854475,0.23395982329000753,0.23026682445055524,-0.47850642739724286,-1.4917628746390603
0.25385773621146085,-0.129870810633198,0.23126379779117134,0.225048013189814,-0.48201115914639453,-1.495026023343263
0.2532041902260617,-0.12873655304188641,0.2286233017821453,0.21985948758117724,-0.48560665678889714,-1.4986059463310342
0.2525353565265767,-0.12758012147360043,0.22603836412381306,0.21469818295662704,-0.4893005385437472,-1.5025031995714346
0.2518550275186751,-0.12639264906693126,0.22350889214760583,0.2095608379247506,-0.4931007654620459,-1.5067185170194195
0.2511671683686052,-0.1251650474742555,0.2210346736433696,0.20444398086058624,-0.4970156982573042,-1.5112528675393821
0.2504759522205006,-0.12388797253634742,0.21861537822235122,0.19934391448210986,-0.501054163328098,-1.5161075138399984
0.24978579988435903,-0.12255178126701738,0.2162505578186522,0.19425669809805032,-0.5052255293610062,-1.5212840734647484
0.24910142495304516,-0.12114647875799806,0.2139396460521279,0.18917812701495187,-0.5095397962558944,-1.526784581910563
0.24842788553864692,-0.11966165324269307,0.21168195612438567,0.18410370846954494,-0.5140076985740298,-1.5326115579588835
0.2477706441107083,-0.11808639706138735,0.20947667685325044,0.17902863329747432,-0.5186408263062106,-1.538768071288201
0.24713563729135818,-0.11640921060453957,0.20732286636450037,0.17394774235027935,-0.5234517665406868,-1.545257812378482
0.24652935794290462,-0.1146178854092933,0.20521944284535,0.16885548641390163,-0.528454270646503,-1.552085164590592
0.24595895251088223,-0.11269936135172026,0.20316517161167036,0.1637458780425238,-0.5336634529738089,-1.5592552780685776
0.24543233741468024,-0.11063955117194674,0.2011586475355127,0.15861243327087815,-0.5390960289496076,-1.566774144707324
0.24495833938739686,-0.10842312317805813,0.19919827159975334,0.15344810056284655,-0.544770603023825,-1.5746486727531768
0.24454686617091426,-0.10603322957093747,0.19728221996124196,0.1482451735309178,-0.5507080205102336,-1.5828867584989281
0.24420911604055803,-0.10345116290604411,0.19540840336580967,0.14299518282653814,-0.5569318024506181,-1.591497350730265
0.2439578375208341,-0.10065591594627016,0.19357441399626651,0.13768876101532837,-0.5634686899613673,-1.6004905006300398
0.2438076547504353,-0.09762360923514196,0.19177745573650806,0.13231547199916363,-0.5703493353046218,-1.6098773849808674
0.243775479873602,-0.09432673390934132,0.190014252222795,0.12686359329477198,-0.5776091931400449,-1.6196702823771265
0.24388104255878407,-0.0907331307452725,0.18828092463474178,0.12131983469239338,-0.5852896904002443,-1.629882468336069
0.2441475798919538,-0.08680458338688068,0.18657282745917814,0.11566896962668084,-0.5934397928177615,-1.640527971178463
0.24460275019960984,-0.08249483157680881,0.18488432457490378,0.10989334453276163,-0.6021181508351526,-1.6516210876779847
0.24527986660984957,-0.07774668489604292,0.1832084783820329,0.10397221400400168,-0.611396117239884,-1.6631754784606232
0.2495762104645751,-0.0718741677244516,0.18111871649468525,0.09462474611373088,-0.6217478253538008,-1.670300661959703
0.26438908772647873,-0.06387800974592511,0.1775118924450375,0.07478417782061321,-0.6337067101606475,-1.6629440738612828
0.27990615706143696,-0.05609952296644721,0.17340709331068704,0.053618304192805104,-0.6457444477727693,-1.6558984400816577
0.2962080535219146,-0.04853399140906556,0.16875344100904222,0.030992454838224125,-0.6579217674025791,-1.6491573886641393
0.3133951374094699,-0.041149361477395674,0.16348758585089018,0.006733619318221481,-0.6703320115930022,-1.6426822381030668
0.33159775569599165,-0.033859076604570826,0.15752797407779817,-0.019389859603955707,-0.6831227592473595,-1.6363716007388949
0.34596943610713626,-0.020913994054546248,0.15264034761723277,-0.040147966203095346,-0.6990326701378268,-1.6257229326499845
0.3556420629706951,-0.00021032212858501653,0.14913088110422168,-0.05458280261084472,-0.7190539637734238,-1.6086209494757924
0.36636831680015486,0.023801093385981964,0.1447369927293416,-0.07181831815735062,-0.7414807315821734,-1.587764158236958
0.3789739741463622,0.054481591629133574,0.13882999685456188,-0.09421753122102199,-0.7682902254443028,-1.5585492677467483
0.3946195858779054,0.10634843273699512,0.12930022290247356,-0.12965248233652485,-0.8059756853947602,-1.4971725746857385
0.3717625742887679,0.16711008915510447,0.12896737613908182,-0.12351798981441907,-0.8232251593407277,-1.369995045111234
0.365783720942966,0.23195252226075652,0.1176820276484305,-0.16344052742306364,-0.8449473289382479,-1.231223568210643
0.33339245113809257,0.2680015282265748,0.11902388248900897,-0.15019496280386804,-0.8589966616121455,-1.1555850540325985
0.27705972017638525,0.3215628928755451,0.12047689767157044,-0.1338740732795955,-0.8790321176550042,-1.0218976703260125
0.2696236505568921,0.3475225186394488,0.1117192136014663,-0.1709882949639028,-0.8757809574348608,-0.9258068590445597
0.23549989542228245,0.3636019324146731,0.11541491389714775,-0.14794594280910214,-0.8898470676018913,-0.8884586306489337
0.19755920205549735,0.41241173755053695,0.10383339298995498,-0.19556911768494806,-0.8918905021783329,-0.7096552520395261
0.14456725496439998,0.423975886289672,0.10734564550605152,-0.174515969517491,-0.9022666445141837,-0.635939563039678
0.0836743619215948,0.43025424415132185,0.11389420603146683,-0.13795772721383806,-0.9201940821938063,-0.5701657961792225
0.07723046323308308,0.44378795742485566,0.10723440767754844,-0.17094099922808725,-0.9119796801569318,-0.504232076172802
-0.036840021070537105,0.44261399153827197,0.1122199487844232,-0.13645035665063804,-0.9360227189243067,-0.3270476395872542
-0.041438993287015,0.4522365580212506,0.10702206737862863,-0.1650998702928977,-0.9261587396457183,-0.2753857553246002
-0.12678708316394946,0.46566711222648083,0.09493583853677412,-0.21475685307180226,-0.930253869095798,-0.04708333080063717
-0.19471475411947614,0.42618408840957467,0.1010094080590368,-0.1849640207781069,-0.9373972937463915,0.06215808884597601
-0.28491565777774286,0.35835042036054504,0.1085618255367925,-0.14175255375816173,-0.9568799874284455,0.22194373586375693
-0.2841998535969177,0.37067207608750613,0.10510543747045198,-0.16632024284781127,-0.9446405413668977,0.24907229809464354
-0.3181971651479167,0.378016526205367,0.09387259493183131,-0.22157587911260634,-0.9358634330102082,0.3736922475498775
-0.3510779874926245,0.3309255101671899,0.10051952884257387,-0.19163108446164098,-0.9401761510737754,0.4451773751916572
-0.3962642605601956,0.2602365134226339,0.10670056180354626,-0.15785320110692896,-0.9518627617721943,0.5649319106258262
-0.40549984442521037,0.2752471639975096,0.10059830832899419,-0.19203827512789906,-0.9408577208364572,0.6078428693953842
-0.39959124234083326,0.27744359170220456,0.10450067403910601,-0.17053944953483818,-0.947587901650399,0.5680217145127103
-0.37985817585066006,0.31813071176964713,0.10203382578319808,-0.1815850373987855,-0.9454517811700859,0.49881435496508936
-0.3648269002877535,0.33991469796083107,0.1021519129887094,-0.17949953690125536,-0.9462638767531142,0.44763145484694306
-0.34871566290970635,0.3611174375118538,0.10188906192398273,-0.17987516678546628,-0.9457569554349017,0.40047610756334795
-0.33272520498694974,0.37971457884298554,0.10163657311003926,-0.1805112065210302,-0.9447311916389873,0.3583034505619042
-0.31694826965951295,0.39611708836287385,0.10138302175625657,-0.1813296373844489,-0.9433547251354011,0.32019230901102885
-0.30141585632747336,0.4106842439317927,0.10111036214675884,-0.18232683936994817,-0.9417290925411491,0.2854509727138815
-0.2861473604738135,0.4236866227066708,0.10080514266393747,-0.18349996040217026,-0.9399287638419145,0.25357884941457176
-0.2711616374077484,0.43532791293296225,0.10045801023344769,-0.18484080605867245,-0.9380136727969829,0.22421124605802936
-0.25648236687024545,0.4457628176791618,0.10006260084954521,-0.18633624736071253,-0.9360358206215582,0.19708463512542657
-0.24214254156256587,0.45510889030439416,0.09961469908689113,-0.18796896030070143,-0.9340437539321266,0.1720170947336179
-0.22818973238028845,0.46345382811692193,0.09911168066066911,-0.18971758925355686,-0.9320862914678781,0.14889965582674372
-0.2146934635234367,0.47085927331721233,0.09855218267035581,-0.19155610689684757,-0.930216300017068,0.12769702231947125
-0.2017565515542028,0.4773613811051778,0.09793597426572298,-0.19345209838929353,-0.9284952446672405,0.10845867974000385
-0.18953360538023636,0.48296747281133323,0.09726404671618405,-0.19536339992648877,-0.9269994545056702,0.09134458432532137
-0.1782627207140258,0.4876465677975908,0.09653901037215296,-0.19723190652700817,-0.9258296133951366,0.07667498647236995
-0.16832241196386463,0.4913084332061416,0.0957660079194177,-0.19897208439179195,-0.925126160815611,0.06502463516935847
-0.16033883695336237,0.49375831328607045,0.09495459415348906,-0.20044894343715475,-0.925095576778746,0.05740465310622485
-0.16105896505630496,0.4960459402624632,0.09278768222615918,-0.20424575245495954,-0.9317681910746239,0.057339463896714786
-0.1711172882434918,0.4969492982477901,0.08948977956432269,-0.20952040620230936,-0.944210764022392,0.06778555461176539
-0.1875224430755558,0.4930323915228533,0.08653656796491993,-0.21262129423253104,-0.9568691696139344,0.09192643626893768
-0.21201169436058775,0.48050491730629535,0.08466622298064375,-0.2112023651872175,-0.9681607966254251,0.13596218300793647
-0.2448745088019799,0.4556550161998596,0.0844581517823989,-0.20349842801132553,-0.9767714746999652,0.2036733378523913
-0.2845496613733454,0.42003674585357553,0.08452322925122313,-0.1926774589640049,-0.9866333556325031,0.2873245604431776
-0.32115600694847407,0.37966120363115224,0.08448657721787778,-0.18089367561087003,-0.9969575151718157,0.36986013215745134
-0.35093354892896145,0.34051974821133524,0.08349409631221438,-0.17136495077689912,-1.008568992395204,0.442873283540141
-0.37284225183207587,0.31043047599899326,0.08032769992558075,-0.16985964590282185,-1.0217316171220563,0.5006239070200332
-0.3896059710512052,0.2904641522115434,0.07499278444052504,-0.1783291222310987,-1.035045551852467,0.547412908185579
-0.408548681021801,0.2635134048206398,0.06913404470959006,-0.18725878964933823,-1.0496099789815474,0.6048498480604076
-0.4257000101023596,0.24265248558497934,0.061311973639742834,-0.20594587587290303,-1.0639140241907374,0.6602924422766768
-0.4459019483829988,0.19890211720850698,0.05491278426193602,-0.2143808217717486,-1.080197562705801,0.7386435567476873
-0.4521246875264673,0.22382422732838292,0.04521483579637242,-0.26367933950758615,-1.0797972407495309,0.7559001093972829
-0.4496322773007494,0.20468871832068208,0.05131748950037229,-0.2347425270319415,-1.078136551333471,0.751064674797319
-0.4662413026841843,0.15108488440510423,0.04734272348930402,-0.2307880122846424,-1.0957408747701531,0.8255529451281928
-0.46602733919170036,0.1793369662138019,0.04475558453749029,-0.25460892473888,-1.0870626029424666,0.8128251163147796
-0.4681620469090395,0.14399762620346612,0.04919374501928786,-0.21480566968921747,-1.1025337197787357,0.8096390846757086
-0.4659497506431256,0.16610727879315834,0.049180968359671895,-0.2255530629265312,-1.0937784291911141,0.7916604195571095
-0.4659076640760694,0.19748995375578632,0.04499396147478407,-0.2569509891059056,-1.0859607923132883,0.7817188380990139
-0.4682735176254891,0.15537223185471388,0.05042033934696022,-0.22506938837561555,-1.0903081309076494,0.8090917627257403
-0.46752536266339684,0.18565464625281505,0.04756063597541327,-0.2502129026730728,-1.0817294065128564,0.7943317918555283
-0.4711922764669707,0.1446916189336505,0.05140431799764933,-0.21664861684975098,-1.094356062539089,0.8107732870057929
-0.4690638598346246,0.16964259197740794,0.05082598547307826,-0.23043201182987338,-1.0854597424424886,0.7918440331617027
-0.4722302808730442,0.20291477796457236,0.043460947468315636,-0.27318688018602444,-1.0810957166954218,0.7900133788689659
-0.4692606874237357,0.18402701297876947,0.04976895599708531,-0.24374933690305045,-1.079764942596305,0.7848839979580285
-0.48065772548876684,0.14505035205815026,0.046863347080469686,-0.23562419249639058,-1.0966440385096712,0.8272802552774913
-0.4802022283767791,0.17673765799112118,0.04403353582139957,-0.26106820369230765,-1.0880403629475164,0.8112484400456174
-0.4801677056207926,0.14151874055240132,0.04986246873201383,-0.22276114388404336,-1.0967855918401743,0.8148058892702167
-0.4779952674253264,0.16855031633325268,0.049096906892987735,-0.23799962353333512,-1.087803910285123,0.7945637045888436
-0.48408375132108616,0.19498860716040767,0.040463946656532634,-0.2801474341320925,-1.0884768831706106,0.8002823872197127
-0.48087013526260636,0.17701428017555093,0.04683939304993512,-0.2506480580319086,-1.0870458709319895,0.7939488459288402
-0.48981041793826624,0.14013508100265365,0.04515478464911771,-0.2385840974595512,-1.1022192375551731,0.8282473178614872
-0.4887151874390607,0.1719239546178438,0.042943240306886676,-0.26142745045147237,-1.0934972639216591,0.8094537956418852
-0.4909779120114929,0.13636235732765412,0.04660208398326626,-0.22932386844008532,-1.1049494858957236,0.8188792137272745
-0.4885772813989197,0.16400523000453465,0.04611045261959579,-0.24379513544480555,-1.0959248552344871,0.7972216260485018
-0.4932157903224388,0.19132410898856284,0.03848465249918309,-0.28184835509026257,-1.096041091962324,0.7972972436424302
-0.49080227092146567,0.17025661091611027,0.04488508704489569,-0.25148503053446647,-1.0952314112504058,0.7949867970259489
-0.5002928789432041,0.15675408457893752,0.03920349671883505,-0.2621229437622264,-1.107230015222192,0.8205920344719698
-0.5099074704609406,0.15067023429317467,0.0322319710798703,-0.2816495531053402,-1.117422883235852,0.8454798569890281
-0.5100723472447153,0.12681949551834523,0.03583012473738645,-0.24754246095391838,-1.1295604629196057,0.8325259575278386
-0.5074761331598807,0.15370300970790757,0.036077206232612014,-0.25930490729941436,-1.1206443482920685,0.8097525891259217
-0.5098836365112642,0.18283109851269047,0.030245969785087756,-0.2934200500487087,-1.117866171326157,0.8049139848347374
-0.5072303633948698,0.16237186073786108,0.03666051095697931,-0.2622503539199995,-1.1172803078973335,0.8001777136189259
-0.5135652298777608,0.16979337232332303,0.03040082956783785,-0.2851946686052273,-1.1229096108486065,0.8112652930368687
-0.5137432569757892,0.13673733870682303,0.03528956983123366,-0.2541836749838669,-1.1276652518411123,0.8225074603803435
-0.5116642871664726,0.16854017284910228,0.03385068510237865,-0.274301989725109,-1.119236401527324,0.8012339030773974
-0.5159961039930446,0.13567626652433723,0.03478123850690651,-0.255697759252491,-1.1287402256599421,0.8237595276533003
-0.5138798820433874,0.16773392653737082,0.033369398821698204,-0.27571431631466586,-1.1203406471972603,0.8020441440862347
-0.5177269857125232,0.13580162134820029,0.034624691186475376,-0.2560601579339662,-1.1294537327054586,0.8220708941975784
-0.5154706787446565,0.16804962525302602,0.03326483783464573,-0.27585092533775574,-1.1210771299549003,0.7998238165747749
-0.5192171214560772,0.1378335774015446,0.034448090785536345,-0.25672092864835455,-1.130011862799947,0.817938471471489
-0.5169008004192998,0.17059020381206974,0.03290886692420458,-0.2772474930292566,-1.121830567430033,0.7956140317219382
-0.5198385151877418,0.14011706948975547,0.035019592157451984,-0.2549717062641941,-1.1297909737892944,0.8111224044166269
-0.5171952132040731,0.1729609832671095,0.033573860191071225,-0.2750540459613537,-1.1216160249771694,0.7880861258768047
-0.5205904354229983,0.14520292247148053,0.035032438193069226,-0.25554275159713785,-1.12977720531756,0.8026554635330231
-0.5179549963820002,0.1786691415167895,0.033126579329417205,-0.27726826962986917,-1.1221495219971065,0.7801073360607054
-0.5202733403547443,0.14945514764714957,0.03608073840177406,-0.252779583675302,-1.1286924445409638,0.7922465684538098
-0.517220340825989,0.18300305138303963,0.03421822505467342,-0.2741635587314194,-1.1211495637600408,0.7689863162114933
-0.5200698728843368,0.1557431031646831,0.03659236863436177,-0.25203845768470773,-1.1279518498717536,0.7809181597422901
-0.5168995158265296,0.18931258703195208,0.03438666032157478,-0.27421412464079276,-1.1210702234383325,0.7579896976458621
-0.519508292389802,0.16204784614891798,0.03728834842009865,-0.2506899507177508,-1.1270200497565213,0.7689978174749387
-0.51615014956421,0.19523278030329683,0.03487799600060293,-0.27295224194625617,-1.120770757421338,0.74624299902318
-0.5188930578084122,0.1687671290323307,0.037788100966630433,-0.24982856426226105,-1.126368218666649,0.7568911129571491
-0.5154495464515522,0.2009855271158757,0.035185617832337424,-0.2717915316872886,-1.1209525165038816,0.734684745935898
-0.5183677873521405,0.1753885378380165,0.03802077137915871,-0.24936125926082267,-1.1262688197725903,0.745148889852293
-0.5149189363706772,0.2060454914729486,0.03531653254646816,-0.27047137694899576,-1.1217433677880875,0.7238000826877254
-0.5180583229773748,0.1816802079557604,0.03790055832894357,-0.24936287844064042,-1.1269280620614217,0.734141246064515
-0.5146920863782929,0.21027553061238102,0.03518799311999843,-0.2691806203858786,-1.1232712166324792,0.7139969230781431
-0.5180149324826092,0.18755494170335602,0.0373991931712887,-0.24989981679360546,-1.128380169642735,0.7241024399925803
-0.5148418433383096,0.21366388220726512,0.034746645779288765,-0.2681352846270397,-1.125554786503148,0.7055708241740705
-0.5182543257732245,0.1929086179103231,0.0365335303279305,-0.250986561683142,-1.1305567269703873,0.7152799693005589
-0.5153980585188123,0.21617705277686144,0.03398664720627487,-0.26746160922344653,-1.128522644492179,0.6987802725963037
-0.5187950736776017,0.197557084055022,0.03534590337310939,-0.2525775315271918,-1.1333528252392715,0.7079818924852161
-0.5163615672440014,0.21777592630664994,0.03293408357791949,-0.2672308405548805,-1.1320437725369012,0.6938403099635321
-0.5196555431656534,0.20129577813379557,0.03389436735564999,-0.254593772253414,-1.1366401658349905,0.7025046780213532
-0.5177076700036601,0.21846168857588993,0.0316316464228541,-0.26749371531446975,-1.1359563293890136,0.6908741506098494
-0.5208439158759633,0.203960600608995,0.03224503512610233,-0.2569424245707934,-1.140277991864239,0.699053936849741
-0.5193895007361153,0.21828956765003127,0.030130481402497633,-0.2682794460666797,-1.1400936428888764,0.6898805789144231
-0.5223497484294859,0.20547105909825805,0.030463621191420653,-0.25953282557835294,-1.1441281780923265,0.697690517208163
-0.5213453043939488,0.21736112865572713,0.028483701248306903,-0.26958826583697265,-1.144306611954237,0.690733341568893
-0.5241406404238025,0.20584604256395406,0.028608748543479057,-0.26228705637573857,-1.1480681725792947,0.6983174073433597
-0.5235066183863866,0.2158082725015273,0.026741658160227333,-0.27138952306778036,-1.1484761087905822,0.6932060075693536
-0.5261648267659935,0.20519067450422318,0.026729486153250437,-0.2651404043342125,-1.1519971901702388,0.700704819425402
-0.5258035642447789,0.21378016424111493,0.02495005059438471,-0.2736264252954919,-1.1525130126683392,0.6970044064774372
-0.5283569836702527,0.20366691864016778,0.024867216962019323,-0.2680327615897099,-1.155834839979751,0.7045329295556058
-0.528166226506223,0.21143692292793895,0.023150888450992002,-0.27622261201388615,-1.1563496010893777,0.701792243214258
-0.5306435254734134,0.2014651734126377,0.023059931626451813,-0.27089689000565387,-1.1595145124594064,0.7094299381614276
-0.5305235505658114,0.2089469804899739,0.02138542832529222,-0.2790849856275162,-1.1599282720380444,0.707205772256132
-0.5329452512414261,0.1987883584402599,0.021346660201139622,-0.27365019558742526,-1.1629746144966058,0.7149938875752226
-0.5328019020147644,0.2064822031464352,0.019697925251237147,-0.2820996170462085,-1.1631924019392188,0.7128614569320614
-0.5351777063963592,0.19585174029484465,0.01977000895006875,-0.27619579786074344,-1.166150452599548,0.7207993889333163
-0.5349258171117434,0.20420433056813359,0.01813849909065257,-0.28512165251806443,-1.1660832783894919,0.7183661851051448
-0.5372526304462174,0.1928931483437513,0.018374243992633987,-0.27843864284125375,-1.1689709864116016,0.7264028783994813
-0.5368246533169403,0.20223880845466966,0.016761359665550812,-0.28796944279834996,-1.16854802950151,0.7233455613757881
-0.5390872238617623,0.19017354303776351,0.017195821418255597,-0.2803179642129454,-1.171368421700881,0.7313746473665805
-0.5384481575278494,0.20064483477109443,0.015612685341119148,-0.290447852103398,-1.170561519373774,0.7275040469562826
-0.5406260133131353,0.1879347965710632,0.016247472820995923,-0.2818386576597628,-1.1733064974261025,0.7353837006751409
-0.5397851741802221,0.1994088164977466,0.014709077552461647,-0.29241715594882817,-1.172151281324747,0.7306996614361262
-0.541863701469095,0.18631577159589227,0.015507962798386732,-0.2830668763114491,-1.1748114938139549,0.7382999957925471
-0.5408676288675068,0.1984750857912712,0.014025217713988902,-0.29385883943512126,-1.1733985535706637,0.7329694162373709
-0.5428433472505982,0.18530668894814795,0.014930967852970767,-0.2840870823495471,-1.175969762919004,0.7402090572619444
-0.541751280908011,0.19778279972553836,0.013508206932284605,-0.2948600017368881,-1.1744066265755675,0.7344677415766092
-0.5436280096769878,0.18479889251199433,0.014465865506669728,-0.2849667535255083,-1.1768879920765232,0.7413119596726939
-0.5424911350251189,0.19727979344114865,0.01310378885133967,-0.29553919520051625,-1.1752659430260035,0.7353754955232746
-0.5442742264706912,0.184666155090796,0.01407180567785804,-0.2857519092108998,-1.1776563037397214,0.7418154574410598
-0.5431297923257341,0.1969218599464156,0.012770554159521774,-0.29599536997790676,-1.1760408174629016,0.7358487743036132
-0.5448231634934264,0.18480599095047012,0.01372030382580669,-0.2864747839776658,-1.1783371845928676,0.7418852929756126
-0.5436972727101863,0.19667102049773988,0.012480698231967735,-0.2962979232622364,-1.176772577987847,0.736009272858269
-0.5453026820882201,0.18514373202683498,0.013392636386477363,-0.28715904369464756,-1.1789702018301595,0.741644900646752
-0.5442142482160057,0.1964951980126352,0.012216348714204406,-0.2964935145036376,-1.1774864381250845,0.7359499584615714
-0.5457314447946042,0.18562517233380094,0.013076890881589032,-0.28782183321905724,-1.1795792770425382,0.74118594949957
-0.5446948227796995,0.196368276700197,0.011966293605734535,-0.29661372647462403,-1.1781967791560366,0.7357416772875719
-0.5461219339733593,0.18620990529028136,0.012765935290718788,-0.2884746456052695,-1.1801779586217607,0.7405771482836596
-0.5451483031473402,0.19627006599154,0.011723893059857993,-0.296680087638394,-1.1789104535962474,0.735437657026196
-0.5464822711156936,0.18686721305051934,0.012456156842307942,-0.289123904616565,-1.1807726659976399,0.7398697114968037
-0.5455802799453577,0.19618613656834394,0.011485816256562864,-0.2967070340999385,-1.1796288235302255,0.7350763493267667
-0.5468172988864339,0.187573691642758,0.012146652058441565,-0.2897714721236865,-1.1813646964945617,0.7391006571381354
-0.545993330684323,0.19610758062556916,0.01125123089875435,-0.2967037305154697,-1.1803491075045955,0.7346833613765201
-0.54712927719035,0.18831177123363554,0.011838657451377133,-0.2904151131612241,-1.1819515721057752,0.7382949975230337
-0.5463875319562272,0.19603072481614886,0.011021223186066464,-0.2966753302100438,-1.1810653615476179,0.7342729686916158
-0.5474183939645483,0.1890686352136336,0.011535103516653655,-0.29104893744343846,-1.18252804729895,0.7374674536839426
-0.5467608874227412,0.19595678544136835,0.010798328535541968,-0.29662398384255356,-1.181769271695395,0.7338495062226852
-0.5476832027568383,0.18983528473763212,0.011240222772828767,-0.2916638611612495,-1.1830869505521466,0.7366240492590896
-0.5471097403409425,0.19589141523997705,0.010586105837205761,-0.2965497523952939,-1.1824508669246396,0.7334088442487655
-0.5479210539390968,0.19060563704907046,0.010959163056562082,-0.29224816546797544,-1.183619958197897,0.735763795182486
-0.5474292230077917,0.19584405253215603,0.010388715214824762,-0.2964514885062415,-1.183099232108923,0.732940117852247
-0.5481285590757801,0.19137563771603683,0.010697567831209787,-0.29278825312252243,-1.1841183571166911,0.7348805852003409
-0.5477137826324663,0.19582696005356925,0.01021047939855646,-0.2963276800578066,-1.183703279964168,0.7324278408332912
-0.5483021016241528,0.19214243603796033,0.010461099634713311,-0.2932697002634107,-1.184573815579039,0.7339653298254125
-0.5479577996817068,0.1958538608130247,0.01005543229777206,-0.296177188697796,-1.1842526067066657,0.7318544498056581
-0.5484383739529901,0.19290371869496678,0.010254910470827494,-0.2936786384808501,-1.1849791364562692,0.7330082370543081
-0.5481562729289147,0.1959381733996018,0.009926887194714684,-0.2959997759389266,-1.184738396795267,0.731203164183694
-0.5485348837917594,0.19365729972964218,0.010083104793722542,-0.29400336992651926,-1.1853289179841822,0.7320010136374508
-0.5483054909673193,0.1960910234748948,0.009827083025438665,-0.29579631836068543,-1.1851542664072197,0.7304608345793795
-0.548590347808263,0.1944010075881475,0.009948283035341121,-0.2942359478937282,-1.1856200152675065,0.7309386651335069
-0.5484035667707111,0.19631940190751962,0.009756974531770268,-0.2955686889098034,-1.1854968781826,0.7296202789120378
-0.5486048959220411,0.19513280557857818,0.009851269887790726,-0.2943733383992275,-1.1858517079840616,0.7298205892385853
-0.5484507127902777,0.19662493199630818,0.009716207980693281,-0.2953193993705798,-1.1857661676858533,0.7286816030417199
-0.5485800548041724,0.19585098712647456,0.009791099652757596,-0.2944178188457488,-1.186025545691952,0.7286508164717214
-0.5484491946754397,0.19700359358842318,0.009703273840921511,-0.2950511905859206,-1.1859651146266499,0.7276522375837919
-0.5485185445365288,0.19655426904165826,0.009765256695692393,-0.29437649173904673,-1.1861449347194748,0.7274374943040999
-0.548402998552034,0.1974464490483528,0.009715776951222055,-0.2947667552502904,-1.1860991315559632,0.7265458073137042
-0.5484239724734246,0.1972416845324406,0.009770090531051268,-0.2942600884970344,-1.1862145984290278,0.7261919061060069
-0.5483173278489677,0.19794108458252882,0.009750741871796809,-0.29446868053244635,-1.186175252602993,0.725380279318476
-0.5483005166130535,0.19791230190415254,0.009801285706848906,-0.2940814439567087,-1.1862400492959164,0.7249273649019117
-0.5481980699759421,0.1984733024417238,0.009804884962570481,-0.29415957204604165,-1.1862013280185617,0.7241759444292845
-0.5481526608164327,0.1985648858022463,0.009854281042070534,-0.29385404116483316,-1.1862271633406323,0.7236582289847886
-0.5480513403087834,0.19902863882283944,0.009874819732231366,-0.2938422443672238,-1.1861853714911246,0.7229536661833914
-0.5479850018479802,0.19919763197394277,0.009924580570844777,-0.2935908931365024,-1.1861818830001805,0.7223991401082575
-0.5478831526421425,0.19959346268915654,0.009957194813631443,-0.29351986432713395,-1.186135116689421,0.7217336051603238
-0.5478021177627612,0.19980805701612667,0.01000794761246282,-0.2933038499827711,-1.1861100286690298,0.7211644730385565
-0.5476992150198544,0.20015560729642892,0.010048781158449094,-0.2931959856085734,-1.1860577667052776,0.7205344271542133
-0.5476084765712796,0.20039305476571376,0.010100503751917067,-0.293003284129826,-1.1860171830971196,0.719967939815873
-0.5475048228882289,0.20070461681955076,0.010146527237081315,-0.2928744729183721,-1.1859598849945574,0.7193728938460219
-0.5474083675174586,0.20094907815592317,0.01019876405680975,-0.2926980431125784,-1.1859086178304536,0.7188222958676903
-0.5473048155615983,0.20123173922212806,0.01024759563622224,-0.29255935210138967,-1.1858473727908385,0.718263707473607
-0.5472058452370028,0.20147238399871237,0.010299636235014842,-0.29239555469921297,-1.1857892429647217,0.7177391165065523
-0.5471035677338599,0.2017297875269564,0.01034938819741782,-0.29225463294890874,-1.18572549025499,0.7172195007027291
-0.5470046833809374,0.2019592833744424,0.010400403050710105,-0.2921019949247107,-1.185663571558647,0.7167286302084622
-0.5469049970195023,0.20219295698336937,0.010449562774991872,-0.29196414266743675,-1.1855988942696605,0.7162508973148003
-0.5468083373071622,0.2024063591231337,0.010498699284705704,-0.29182246298453474,-1.1855356954855392,0.7157996033061971
-0.546712576775639,0.20261664836515486,0.010546042953232804,-0.29169139190584414,-1.1854716785578032,0.7153666005905903
-0.5466199160189205,0.2028106325003495,0.010592488741520856,-0.2915611352069234,-1.1854092713490052,0.7149592719041681
-0.5465293492611991,0.2029973188936609,0.010637021681336734,-0.2914394804687496,-1.1853474101558015,0.7145734883575529
-0.5464421630592085,0.20316967667717947,0.01068004332951722,-0.2913213892989206,-1.1852875152377347,0.7142133153072526
-0.5463579376245883,0.20333236454627762,0.01072095985783561,-0.29121104008929194,-1.1852291608723187,0.7138767068269644
-0.5462774455058291,0.20348168364789393,0.010759924467611204,-0.2911059003969663,-1.1851732048602543,0.7135658639308525
-0.5462005569131776,0.20362002888470276,0.01079658095180136,-0.29100820704695524,-1.1851195344521377,0.713279761992719
-0.546127749925859,0.203745494412135,0.010830966346331516,-0.29091671465158386,-1.1850686875326821,0.7130195344928443
-0.5460590249302026,0.203859330844684,0.010862862661347839,-0.2908326165116717,-1.1850206908243142,0.7127846100224906
-0.5459946841506853,0.20396060213465184,0.010892260396897502,-0.29075530673305866,-1.1849758926597564,0.7125754861131756
-0.5459347738326826,0.20405000434649476,0.01091902642047271,-0.2906854115605512,-1.184934368787071,0.712391748647689
-0.5458794839017334,0.2041271362399416,0.01094314038899502,-0.29062262669980937,-1.1848963476429935,0.7122334922429965
-0.5458288631910935,0.20419244419663235,0.010964525347078036,-0.29056726156516727,-1.1848619081994052,0.7121003112451201
-0.5457830235127265,0.20424583330472096,0.01098316771831942,-0.2905191402882845,-1.184831196453965,0.7119920246674364
-0.5457419949947369,0.20428765450528194,0.010999031030977102,-0.29047838635467343,-1.184804272426185,0.7119081647384217
-0.5457058301838049,0.20431799878354806,0.011012116582802323,-0.290444865420946,-1.1847812203584809,0.7118483469268996
-0.5456745308664639,0.20433719729783797,0.011022419413829199,-0.29041858391915937,-1.184762071505684,0.7118120119105371
-0.5456481013376039,0.20434546224184774,0.011029958856615507,-0.2903994067704684,-1.1847468604482445,0.7117986153014568
-0.5456265115723802,0.2043431400523016,0.011034755915216965,-0.2903872603750014,-1.1847355862959996,0.711807498293106
-0.5456097247266058,0.20433052785934064,0.01103684855217546,-0.290381989560163,-1.1847282417368452,0.7118379860186319
-0.5455976787767918,0.2043080015995085,0.011036279902468138,-0.2903834615276851,-1.1847247937022862,0.71188932348071
-0.5455903009762915,0.2042759214068905,0.011033105819197031,-0.29039149335171055,-1.184725198623799,0.7119607276341735
-0.5455874988915761,0.20423469627425858,0.011027388575746033,-0.2904059057256979,-1.1847293929753082,0.7120513564763039
-0.5455891682538712,0.2041847345841096,0.011019200474366886,-0.29042648629330137,-1.184737301541286,0.7121603376602181
-0.5455951887931916,0.20412647648998264,0.011008620334787778,-0.2904530178820671,-1.1847488329898161,0.712286754477994
-0.5456054287402214,0.20406036744511485,0.010995735091329895,-0.29048526011200726,-1.1847638845878516,0.7124296625301214
-0.5456197431228353,0.20398687409128383,0.010980637702005525,-0.29052296460896504,-1.1847823403489712,0.7125880843462141
-0.5456379765624847,0.20390646957308922,0.010963427712239793,-0.29056586599243217,-1.1848040739319314,0.7127610199354195
-0.545659962841327,0.2038196409591363,0.0109442098929603,-0.2906136904081625,-1.1848289481123515,0.7129474458338116
-0.5456855268232629,0.20372688064834132,0.0109230942709454,-0.2906661513646932,-1.1848568167429556,0.7131463224792817
-0.5457144846778271,0.20362868942647688,0.010900195145599922,-0.29072295481450655,-1.1848875249067894,0.7133565955175595
-0.5457466453438694,0.20352557106320712,0.010875630844368822,-0.2907837975170452,-1.1849209103835363,0.7135772014853442
-0.5457818110893589,0.2034180331196648,0.010849522941134504,-0.2908483703200269,-1.1849568041499263,0.7138070702412137
-0.5458197787264893,0.20330658325318993,0.010821995872636658,-0.2909163578470781,-1.1849950315760605,0.7140451296984072
-0.5458603403358133,0.20319172887972495,0.010793176269876414,-0.2909874408262272,-1.1850354130954444,0.7142903087728134
-0.5459032843350311,0.2030739744271964,0.010763192509091746,-0.29106129647124085,-1.1850777652427664,0.7145415415275224
-0.5459483962725306,0.2029538204379903,0.010732174112975335,-0.29113760029124003,-1.1851219013963885,0.714797770299372
-0.5459954597977997,0.20283176138355025,0.01070025127773766,-0.29121602682753167,-1.1851676327113776,0.7150579494229036
-0.54604425746937,0.20270828452408957,0.010667554324417128,-0.29129625116442864,-1.185214768878994,0.7153210483364957
-0.5460945716471635,0.20258386808879109,0.010634213226929812,-0.2913779498345621,-1.1852631189792169,0.7155860549537182
-0.5461461852810926,0.20245898006961666,0.01060035710586582,-0.2914608021394607,-1.1853124922238238,0.7158519786240444
-0.5461988827318511,0.20233407667066977,0.010566113773592067,-0.29154449111520264,-1.1853626987376216,0.7161178531693904
-0.546252450518164,0.2022096011382342,0.010531609269109565,-0.2916287047127921,-1.1854135502637257,0.7163827396152187
-0.5463066780659223,0.20208598243394552,0.010496967431374293,-0.2917131367579026,-1.1854648608752876,0.7166457288860011
-0.5463613583989806,0.20196363416229904,0.010462309476758636,-0.2917974880105824,-1.185516447628505,0.7169059442468587
-0.5464162888137543,0.20184295344797049,0.010427753608822976,-0.291881467075701,-1.1855681312032609,0.7171625436418855
-0.5464712715028692,0.2017243199986643,0.010393414641164389,-0.291964791345956,-1.185619736493695,0.717414721802636
-0.5465261141515938,0.20160809517921127,0.010359403649870758,-0.29204718783293626,-1.185671093174982,0.7176617122114
-0.5465806304867875,0.20149462123332218,0.010325827644766084,-0.2921283939900618,-1.1857220362242769,0.7179027888451888
-0.5466346407918874,0.20138422055210933,0.010292789269244373,-0.29220815844260567,-1.1857724064108728,0.7181372677487295
-0.5466879723760647,0.20127719506879396,0.010260386522562892,-0.292286241684498,-1.1858220507426127,0.7183645083931496
-0.5467404600054155,0.20117382572034545,0.010228712510415128,-0.29236241669168606,-1.1858708228773365,0.7185839148487967
-0.5467919462893047,0.2010743720222994,0.010197855220212215,-0.2924364694867544,-1.1859185834917771,0.7187949367474705
-0.5468422820266391,0.20097907172110505,0.01016789732449841,-0.2925081996248825,-1.185965200613219,0.7189970700519923
-0.5468913265082153,0.20088814055066287,0.0101389160102755,-0.29257742062173964,-1.1860105499095996,0.7191898576200254
-0.5469389477782711,0.20080177207087355,0.010110982836142313,-0.2926439603056684,-1.1860545149414727,0.7193728895747581
-0.546985022853307,0.20072013760289736,0.01008416361572595,-0.2927076611067416,-1.1860969873735838,0.7195458034770437
-0.5470294379004434,0.2006433862466941,0.010058518328280308,-0.2927683802727373,-1.1861378671484561,0.7197082843091855
-0.5470720883746556,0.20057164498810293,0.010034101055253486,-0.2928259900201566,-1.186177062621099,0.7198600642702189
-0.5471128791167379,0.20050501888538977,0.010010959942996278,-0.2928803776152339,-1.186214490656735,0.7200009223920663
-0.5471517244121893,0.20044359133786824,0.009989137190510866,-0.2929314453907216,-1.186250076691553,0.7201306839801217
-0.5471885480127268,0.20038742442887506,0.0099686690619184,-0.2929791106965719,-1.1862837547581901,0.7202492198876717
-0.5472232831211932,0.2003365593427912,0.009949585922527149,-0.29302330578918256,-1.1863154674765521,0.7203564456303428
-0.5472558723415517,0.20029101684960587,0.009931912297824308,-0.29306397765941816,-1.1863451660116295,0.7204523203503889
-0.5472862675951358,0.20025079785487293,0.009915666954203428,-0.2931010878036268,-1.1863728099993471,0.7205368456388793
-0.5473144300048849,0.20021588400916998,0.009900863000497861,-0.2931346119392592,-1.186398367442126,0.7206100642260792
-0.5473403297490079,0.20018623837378435,0.009887508009049362,-0.2931645396691899,-1.1864218145754832,0.7206720585493339
-0.5473639458858702,0.20016180613702822,0.009875604155201056,-0.29319087409728556,-1.1864431357073995,0.7207229492091708
-0.5473852661517224,0.2001425153772103,0.009865148373880639,-0.2932136313993074,-1.1864623230319844,0.7207628933237108
-0.5474042867331126,0.20012827786692455,0.009856132532038098,-0.29323284035232655,-1.186479376419203,0.7207920827922726
-0.5474210120157208,0.20011898991427424,0.009848543615554983,-0.293248541826761,-1.1864943031823245,0.7208107424786793
-0.5474354543114822,0.2001145332358459,0.009842363929337572,-0.29326078824451185,-1.186507117824883,0.7208191283251272
-0.5474476335657865,0.200114775857,0.00983757130917895,-0.29326964300736597,-1.18651784176887,0.7208175254071152
-0.5474575770466281,0.2001195730344472,0.009834139344081505,-0.29327517989925916,-1.1865265030659602,0.720806245940084
-0.547465319017505,0.20012876819673062,0.009832037607653277,-0.2932774824664709,-1.1865331360934956,0.7207856272479766
-0.5474709003959071,0.20014219389786553,0.00983123189726054,-0.2932766433793669,-1.1865377812370135,0.7207560297038947
-0.547474368399173,0.20015967277989516,0.009831684479617353,-0.29327276377955885,-1.1865404845610188,0.7207178346525672
-0.5474757761794969,0.20018101854000306,0.00983335434152266,-0.2932659526160273,-1.1865412974697254,0.7206714423241185
-0.5474751824498103,0.20020603689814184,0.009836197444500039,-0.2932563259737735,-1.1865402763594237,0.7206172697481761
-0.5474726511022427,0.20023452656122134,0.00984016698212753,-0.2932440063983461,-1.1865374822641197,0.720555748676986
-0.5474682508208067,0.20026628018019188,0.009845213638889905,-0.2932291222195314,-1.186532980496017,0.7204873235257102
-0.5474620546899149,0.20030108529641658,0.009851285849442504,-0.2932118068772003,-1.1865268402823994,0.7204124493376751
-0.547454139800271,0.20033872527412916,0.009858330057217368,-0.29319219825230686,-1.186519134400376,0.7203315897817852
-0.5474445868536465,0.20037898021572254,0.009866290971373481,-0.29317043800561887,-1.1865099388109457,0.7202452151889084
-0.5474334797679506,0.2004216278572006,0.009875111821119442,-0.2931466709268819,-1.1864993322937178,0.7201538006333882
-0.5474209052840002,0.2004664444408894,0.009884734606546708,-0.2931210442965368,-1.1864873960836282,0.7200578240655336
-0.5474069525752717,0.20051320556319235,0.009895100345113428,-0.29309370726232264,-1.186474213510864,0.7199577645001998
-0.5473917128619035,0.20056168699503402,0.009906149313024026,-0.2930648102325752,-1.186459869645189,0.7198541002662454
-0.5473752790301252,0.20061166547299214,0.009917821280789885,-0.293034504287979,-1.1864444509457892,0.7197473073210959
-0.5473577452582122,0.20066291945947998,0.009930055742313204,-0.2930029406134408,-1.1864280449176472,0.719637857634058
-0.547339206650052,0.2007152298701495,0.009942792136916623,-0.29297026995125,-1.1864107397754664,0.7195262176417848
-0.5473197588772614,0.20076838076740985,0.009955970063768138,-0.29293664207693315,-1.1863926241160085,0.7194128467785457
-0.5472994978308074,0.20082216001866676,0.009969529488239148,-0.2929022052986415,-1.1863737865997197,0.7192981960837725
-0.5472785192829557,0.20087635991843944,0.009983410939764181,-0.2928671059810315,-1.1863543156423915,0.7191827068887406
-0.5472569185603526,0.20093077777342783,0.009997555700839156,-0.2928314880942486,-1.1863342991175916,0.7190668095839893
-0.5472347902289397,0.20098521645002576,0.010011905986836322,-0.2927954927886424,-1.186313824070479,0.7189509224685448
-0.5472122277913778,0.20103948488366866,0.010026405116374981,-0.29275925799551117,-1.186292976443608,0.7188354506818281
-0.5471893233975531,0.2010933985498296,0.010040997672015828,-0.2927229180542554,-1.186271840815223,0.7187207852186179
-0.5471661675687163,0.20114677989638324,0.010055629651113507,-0.29268660336598173,-1.18625050015051,0.7186073020272619
-0.5471428489357066,0.201199458737412,0.010070248606684373,-0.2926504400737008,-1.1862290355661949,0.7184953611909206
-0.5471194539916857,0.2012512726084835,0.010084803778196094,-0.29261454976897744,-1.1862075261088374,0.7183853061914381
-0.5470960668597269,0.2013020670836471,0.010099246212228796,-0.2925790492249102,-1.1861860485470974,0.7182774632551308
-0.5470727690755528,0.20135169605451755,0.010113528872973676,-0.2925440501552095,-1.1861646771782064,0.7181721407795378
-0.5470496393856741,0.2014000219718229,0.01012760674259372,-0.2925096589990177,-1.1861434836488267,0.7180696288400341
-0.5470267535610929,0.20144691605005816,0.010141436911477175,-0.29247597673114895,-1.186122536790415,0.7179701987748798
-0.5470041842267276,0.2014922584357798,0.010154978658464486,-0.2924430986972356,-1.1861019024691781,0.7178741028472438
-0.5469820007066212,0.20153593834033448,0.010168193521141511,-0.2924111144733357,-1.1860816434506476,0.717781573982456
-0.5469602688849741,0.2015778541377867,0.010181045356325469,-0.29238010774942297,-1.1860618192788577,0.7176928255786427
-0.5469390510829786,0.20161791342894153,0.010193500390889287,-0.2923501562362018,-1.1860424861700694,0.7176080513887619
-0.5469184059513938,0.20165603307236388,0.010205527263093761,-0.2923213315945892,-1.1860236969209417,0.7175274254719193
-0.5468983883787438,0.20169213918344128,0.01021709705462015,-0.29229369938723754,-1.186005500831004,0.7174511022117168
-0.5468790494149909,0.201726167102511,0.010228183313505168,-0.2922673190514156,-1.1859879436392549,0.7173792163993342
-0.5468604362104812,0.20175806133315768,0.01023876206820884,-0.29224224389251635,-1.1859710674746728,0.717311883378901
-0.5468425919699238,0.2017877754518546,0.010248811833060034,-0.29221852109749746,-1.1859549108203744,0.7172491992526495
-0.5468255559211224,0.20181527199015434,0.010258313605324254,-0.29219619176752476,-1.1859395084911482,0.7171912411432739
-0.5468093632981559,0.2018405222905605,0.010267250854184673,-0.29217529096897493,-1.1859248916240461,0.717138067510892
-0.5467940453386234,0.2018635063375643,0.010275609501896543,-0.29215584780220627,-1.1859110876816585,0.7170897185218004
-0.5467796292946101,0.20188421256483619,0.010283377897438828,-0.29213788548707587,-1.185898120467743,0.7170462164664383
-0.54676613845691,0.20190263764021124,0.010290546782939392,-0.29212142146466813,-1.1858860101547506,0.7170075662235896
-0.5467535921920854,0.20191878622956258,0.010297109253220471,-0.2921064675142306,-1.185874773322861,0.7169737557681322
-0.5467420059918638,0.20193267074109636,0.010303060708768852,-0.29209302988465247,-1.185864423010044,0.7169447567193753
-0.5467313915343746,0.20194431105135463,0.010308398802478136,-0.29208110943960136,-1.1858549687726918,0.7169205249271565
-0.546721756756688,0.20195373421435814,0.01031312338050383,-0.2920707018155291,-1.1858464167563145,0.7169010010927617
-0.546713105938101,0.20196097415530323,0.010317236417575315,-0.2920617975917277,-1.1858387697757875,0.7168861114217404
-0.5467054397935922,0.2019660713502034,0.010320741947132506,-0.2920543824716028,-1.1858320274046161,0.7168757683057019
-0.5466987555768568,0.20196907249288762,0.0103236459866346,-0.2920484374743263,-1.1858261860726844,0.7168698710301524
-0.5466930471922925,0.2019700301508255,0.010325956458420382,-0.29204393913607524,-1.185821239171903,0.7168683065054124
-0.5466883053153339,0.201969002411087,0.010327683106481134,-0.2920408597199412,-1.185817177169215,0.7168709500177407
-0.5466845175204638,0.20196605251801167,0.010328837409517622,-0.29203916743380354,-1.1858139877263512,0.7168776659976726
-0.5466816684162941,0.20196124850374317,0.010329432490672863,-0.29203882665512937,-1.1858116558257759,0.7168883088027894
-0.5466797397870071,0.20195466281332772,0.010329483024290709,-0.29203979816210773,-1.185810163902192,0.7169027235119012
-0.5466787107395461,0.2019463719254349,0.010329005140101377,-0.2920420393700304,-1.1858094919790527,0.7169207467279521
-0.5466785578558555,0.20193645597028143,0.010328016325194755,-0.2920455045722643,-1.1858096178094388,0.7169422073867435
